Acura,TSX
Acura,RLX
Acura,MDX
Acura,TLX
Acura,TL
Acura,ZDX
Acura,Ilx
Acura,ADX
Acura,RSX
Acura,Integra
Acura,RL
Acura,NSX
Acura,MDX Sport Hybrid
ACURA,RDX
Acura,TSX Sport Wagon
ADVANCED,EV
ADVENTURER,TRUCK CAMPER
Airstream,Atlas MB Tommy Bahama Edition
"AIRSTREAM, BASE CAMP",AIRSTREAM
Alfa Romeo,Giulietta Spider Veloce
Alfa Romeo,Stelvio
Alfa Romeo,1900 M AR 51 Matta
Alfa Romeo,Giulia
Alfa Romeo,Tonale
Alfa Romeo,Stelvio Quadrifoglio
AM General,Hummer
AM GENERAL,HUMVEE
AMC,AMX
AMC,Javelin
AMGN,H1
ARCTIC CAT,M8000 HARDCORE
ARCTIC CAT,HDX 700
ARCTIC CAT,M8000 HARDCORE S2025CMJLB
ARIEL,VHA
ASM,TL
ASPT,PRECEDENT
Assembled,Ford F150
Aston Martin,Vanquish
Aston Martin,Rapide S
Aston Martin,DB9
Aston Martin,DB11
Aston Martin,DB12
Aston Martin,Vantage
Aston Martin,DBS
Aston Martin,DBX 707
Aston Martin,DB7 Vantage
Aston Martin,DBX
Aston Martin,V8 Vantage
Aston Martin,DBS Zagato
Audi,A3 e-tron
Audi,RS 6 Avant
Audi,S3 Sedan
Audi,e-tron Sportback
Audi,R8 Coupe
Audi,S6
Audi,A8 L
Audi,Q4 e-tron
Audi,Q5
Audi,TT Roadster
Audi,S6 Sedan
Audi,RS 7 Sportback
Audi,A6 Sedan
AUDI,ALLROAD
Audi,New S5
Audi,Q4 e-tron Sportback
Audi,S8 plus
Audi,S7
Audi,A4
Audi,SQ5
Audi,S5 Coupe
Audi,RS6 Avant
Audi,S4 Sedan
Audi,A6
Audi,New Q5
Audi,RS 5 Coupe
Audi,A4 allroad
Audi,S7 Sportback
Audi,S e-tron GT
Audi,S5 Sportback
Audi,RS 5
Audi,e-tron GT
Audi,TT
Audi,S8
Audi,A5 Cabriolet
Audi,A6 allroad
Audi,e-tron
Audi,RS e-tron GT
Audi,A8
Audi,RS Q8
Audi,Q8
Audi,S4
Audi,S6 e-tron
Audi,Q8 e-tron
Audi,RS 5 Sportback
Audi,A3 Sportback e-tron
Audi,S5 Cabriolet
Audi,Q7
Audi,SQ8
Audi,e-tron S
AUDI,Q3
Audi,TTS
Audi,A5 Coupe
Audi,Q5 e
Audi,TTS Coupe
Audi,A6 e-tron
Audi,A7 Sportback
Audi,SQ8 e-tron
Audi,A5 Sportback
Audi,Q6 e-tron
Audi,A7
Audi,Q8 e-tron Sportback
Audi,A3 Sedan
Audi,SQ8 e-tron Sportback
Audi,RS 3
Audi,R8 Spyder
Audi,RS 3 Sedan
Audi,A4 Sedan
Audi,A3 Cabriolet
Audi,S5
Audi,A5
Audi,S3
Audi,SQ6 e-tron
Audi,TT RS
Audi,R8
Audi,A3
Audi,e-tron S Sportback
Audi,RS 4
Audi,SQ5 Sportback
Audi,Q5 Sportback
Audi,TT Coupe
Audi,RS 7
Audi,SQ7
Audi,New A5
Austin Healey,3000
B,X5
Backdraft Cobra,RT4
Bad Boy,Brv61ev078108240001
BAD BOY,CLASSIC
Bad Boy,Tractor
Bad Boy Avenger,Baz54kt74503250001
Bad Boy Magnum,Bmz54fr65111240172
Bad Boy Magnum,Bmz54fr65111240174
Bad Boy Magnum,Bmz48fr65111240186
Bad Boy Magnum,Bmz48fr65111240195
Bad Boy Magnum 60,Bmz60kt72411240222
Bad Boy Rambler,Bmz42kt72211240206
Bad Boy Rambler,Bmz42kt72211240181
Bad Boy Rogue 61,Brg61385ka06240022
Bad Boy Rogue 61,Brg61385ka06240028
Bandit,A6hmdwzperc000518
Bandit,A6hmdwzrerc200168
Bandit,A6hmdwzpcrc000561
Bandit,A6hmdwzpcrc000575
Bandit,A6hmdwzrvsc200092
Bandit,Buv750crorg
Bandit,A6hmdwzrvsc200087
Bandit,A6hmdwzrvsc200090
BASS TRACKER,175 PRO
Bb Avenger 54 Kawasa,Baz54fr69104250175
Bb Avenger 60 Kawas,Baz60fr69104250127
Bb Magnum 60 Kohler,Bmz60kt72412240217
Bb Magnum 60 Kohler,Bmz60kt72412240213
Bb Magnum 60 Kohler,Bmz60kt72402250223
Bb Rambler 42 Kohler,Bmz42kt72202250110
Bb Rambler 42 Kohler,Bmz42kt72202250106
Bb Rambler 42 Kohler,Bmz42kt72202250261
Bb Rambler 42 Kohler,Bmz42kt72202250265
Bb Revolt 61 Kawasak,Brv61ev078112240007
Bb Revolt X 61 Kawas,Brvx61385ka02250031
Bb Trac/ Agtires/Lo,Bb5055csals55cs010011
Bb Trac/ Agtires/Lo,Bb5055csals55cs010032
Bb Tractor/Lo,Bb5055salr5055010098
Bb Tractor/Load,Bb5055salr5055010011
Bbm Revolt 54 Kawasa,Brv54fx85002250002
Beacon,Vanleigh 41Lkb
BENELLI,E-BIKE
BENNCHE,T-BOSS 550
Bentley,Continental Flying Spur
Bentley,Bentayga EWB
Bentley,Continental
BENTLEY,BENTAYGA
Bentley,Continental GTC
Bentley,Continental GT V8 S
Bentley,Continental Supersports
Bentley,Continental GT V8
Bentley,Continental GT
Bentley,Mulsanne
Bentley,Azure
Bentley,Continental GT Speed
Bentley,Arnage
Bentley,Flying Spur
BERKSHIRE,24RFCLE275
BERKSHIRE,22RFCLE275
BERKSHIRE,25SPORTCL9DC3PLUS-56
BERKSHIRE,21 CL STS
Big Dog,Mastiff
BIG TEX,GOOSENECK
BIGTEX,20 BUMPER PULL
BINTELLI,4PR BEYOND
BINTELLI,6PR BEYOND
BMW,440i Gran Coupe
BMW,M235i Gran Coupe
BMW,M40i
BMW,435i Gran Coupe
BMW,228 Gran Coupe
BMW,528i
BMW,228i Gran Coupe
BMW,X7M60I
BMW,X3M40I
BMW,I4EDE40RWD
BMW,X7XDR40I
BMW,430i
BMW,535i
BMW,M550
BMW,330i
BMW,M5
BMW,i5
BMW,i3
BMW,K1200LT
BMW,M3
BMW,740i
BMW,325xi
BMW,M235i
BMW,4 Series Convertible
BMW,318i
BMW,428i Gran Coupe
BMW,330i Gran Turismo
BMW,X1
BMW,535i Gran Turismo
BMW,750
BMW,3 Series Gran Turismo
BMW,R 1300 GS
Bmw,2 Series
Bmw,X4
BMW,530i
BMW,M850XI
BMW,M440i Gran Coupe
BMW,ALPINA XB7
BMW,650i Gran Coupe
BMW,X5SDR40I
Bmw,X3
BMW,M235I XDRIVE COUPE
BMW,440i
BMW,iX
BMW,7 SERIES
BMW,5 Series Gran Turismo
BMW,M340i
BMW,X6
BMW,430i Gran Coupe
BMW,M440i
BMW,745e
BMW,335d
BMW,340i
BMW,228i
BMW,1 Series
BMW,I4E35
BMW,X3M
BMW,650i
BMW,M440
BMW,640i Gran Coupe
BMW,435i
BMW,X7 XDRIVE 40I
BMW,760i
BMW,228I/GC
BMW,530e
BMW,M850
BMW,4 Series Gran Coupe
BMW,R18
BMW,840 Gran Coupe
BMW,750i
BMW,Z3
BMW,335is
BMW,335i Gran Turismo
BMW,X3-Series
BMW,M235
BMW,640i
BMW,230i
BMW,328xi
BMW,6 Series
BMW,i8
BMW,320i
BMW,328i
BMW,230
BMW,X2
BMW,540
BMW,X4 M
BMW,330e
BMW,540i
BMW,840
BMW,135i
BMW,GS310
BMW,X5 eDrive
BMW,X5 M
BMW,X1/sDRIVE28I
BMW,M8
BMW,i7
BMW,M6
BMW,X3 M
BMW,X5 PHEV
BMW,428i
BMW,I4XDR40
BMW,M4 GT4
BMW,M2
BMW,M4
BMW,M850i
BMW,M760i
BMW,i7 Sedan
BMW,M850i Gran Coupe
BMW,328i Gran Turismo
BMW,550e
BMW,X7
BMW,540XI
BMW,760
BMW,645Ci
BMW,M3CMPXDR
BMW,1 Series M
BMW,750Li
BMW,740
BMW,X3 PHEV
BMW,335i
BMW,xDrive30i
BMW,8 Series
BMW,X7 ALPINA XB7
BMW,M550i
BMW,3 Series
BMW,M60i
BMW,M850i Gtan Coupe
BMW,X6 M
BMW,i4
BMW,X5
BMW,4 Series
BMW,530
BMW,5 Series
BMW,XM
BMW,Z4
Bmw Sav,X3
BOAT,LOEWIND
BOAT TRAILER,BOAT TRAILER
Bob Cat,Zt3500
BOBCAT,ZT6061SL
BOSTON WHALER,130 SUPER SPORT
BOSTON WHALER,110 SPORT
Braxton Creek,Bushwacker
Briggs,Bmz4219bg01251124
Briggs,Bmz4219bg02250877
Briggs,Bmz4219bg02250532
Brightdrop,Zevo 600
BrightDrop,Zevo 400
Bugatti,Chiron Super Sport
BUGATTI,Chiron
Bugatti,Unlisted
BUICK,RENDEZVOUS
Buick,Encore
Buick,Skylark
Buick,Allure
Buick,Riveria
Buick,Century
Buick,Riviera
Buick,Reatta
Buick,LaCrosse
Buick,Envista
Buick,Cascada
Buick,Terraza
Buick,Lucerne
Buick,Rainier
Buick,Regal
Buick,Regal Sportback
Buick,Roadmaster
Buick,Enclave
Buick,Regal TourX
BUICK,ENVISION
Buick,Encore Gx
Buick,Park Avenue
Buick,Verano
Buick,LeSabre
Cadillac,Escalade EXT
Cadillac,XLR
Cadillac,CTS Sedan
Cadillac,Seville
Cadillac,STS
Cadillac,VISTIQ
Cadillac,CT6
Cadillac,CT4
Cadillac,CAD
Cadillac,Srx
Cadillac,CTS Coupe
Cadillac,OPTIQ
CADILLAC,ELDORADO
Cadillac,ATS
Cadillac,ATS Coupe
Cadillac,Escalade Hybrid
Cadillac,Lyriq
Cadillac,CTS Wagon
Cadillac,Cts-V
Cadillac,Deville
Cadillac,d'Elegance
Cadillac,Allante'
Cadillac,CTS-V Wagon
Cadillac,XLR-V
Cadillac,Escalade IQ
Cadillac,Escalade ESV
Cadillac,El Dorado
Cadillac,CTS-V Coupe
Cadillac,ATS-V Coupe
Cadillac,ATS-V
Cadillac,Escalade IQL
Cadillac,Xts
Cadillac,Brougham
Cadillac,Xt4
Cadillac,Xt5
Cadillac,Ct5
Cadillac,Deville Professional
Cadillac,Escalade
Cadillac,CT5-V
Cadillac,Cts
Cadillac,Ct4-V
Cadillac,ATS-V Sedan
Cadillac,ELR
Cadillac,Ct6-V
Cadillac,ATS Sedan
Cadillac,XT6
Cadillac,DTS
Cadillac,CTS-V Sedan
Cadillac,Series 62 Coupe
Cadillac,Escalade Esv
Cadillac,Escalade
Cadillac,Xt4
Cadillac,Xt5
Cake,Kalk
Camper,Brookstone
CAN AM,SPYDER
Can Am,Mverick
CAN-AM,DEFENDER MAX
Can-Am,Maverick
Can-Am,Spyder F3
Can-Am,Spyder
CANAM,OUTLANDER
Cargo Mate,Snow
Cargo Mate,8.5' X 24' Car Hauler
Cargo Mate,E-Series
Cargo Mate,E-Series Barn Door
CARRY-ON,TRAILER
CATERPILLAR,953D Track Loader
CENTURY,BOAT
CFMOTO,700CL-X
CFMOTO,650NK
Cheetah,Cheetah Ii 72
Cheetah,Cheetah 61 38 Hp
Cheetah,Sczii 61V 37Bv
Cheetah,Cheetah
Cheetah,Cheetah Ii 61
Chev,Camaro CVT
CHEV CAR,CORVETTE S
Chevrolet,Biscayne
Chevrolet,C/K 1500
Chevrolet,Volt
Chevrolet,C/K 30
CHEVROLET,TRAILBLAZER
Chevrolet,SILVERADO 1500
Chevrolet,Silverado 6500 HD
Chevrolet,Avalanche 1500
Chevrolet,Corvette
Chevrolet,LCF 4500
Chevrolet,Silverado MD
Chevrolet,Express Cargo Work Van
Chevrolet,Suburban 1500
Chevrolet,S-10 Blazer
Chevrolet,El Camino
Chevrolet,Avalanche
Chevrolet,Silverado 3500HD Built After Aug 14
Chevrolet,Silverado 3500 Classic
CHEVROLET,TAHOE K150
Chevrolet,HHR
Chevrolet,Corvette Stingray
Chevrolet,Express
Chevrolet,C2500
Chevrolet,Silverado 1500 Crew Cab
Chevrolet,Bel-Air
Chevrolet,Silverado 2500HD Classic
Chevrolet,4500HD LCF Diesel
Chevrolet,Captiva Sport
Chevrolet,Bolt Euv
Chevrolet,5500 HG
Chevrolet,Impala Limited Police
Chevrolet,3500 Hg Lcf Gas
Chevrolet,Cruze
Chevrolet,C/K 2500
Chevrolet,Cobalt
Chevrolet,LFC 4500
Chevrolet,3500 Pickups
Chevrolet,Silverado 2500Hd
CHEVROLET,IMPALA
Chevrolet,5500 HG LCF Gas
Chevrolet,Corvair
Chevrolet,Express 2500
Chevrolet,City Express
CHEVROLET,MALIBU
Chevrolet,Suburban
Chevrolet,Sonic
Chevrolet,Malibu Maxx
Chevrolet,Corvette E-Ray
Chevrolet,Silverado 1500 LD
Chevrolet,C/K 10
Chevrolet,CC7500
Chevrolet,Captiva Sport Fleet
Chevrolet,Blazer
Chevrolet,3500 LCF Gas
Chevrolet,V10 Fleetside 1/2 Ton Pickup
CHEVROLET,SIVERADO 1500
Chevrolet,Nova
Chevrolet,Silverado 1500 Classic
Chevrolet,C/K 20
Chevrolet,SSR
Chevrolet,2500 Pickups
CHEVROLET,TRAILBLAZR
Chevrolet,5500 Xd Lcf Diesel
Chevrolet,Silverado 2500H
Chevrolet,Blazer EV
Chevrolet,Express Cargo Van
Chevrolet,C3500
Chevrolet,Malibu Classic
Chevrolet,6500XD LCF Diesel
Chevrolet,4500 LCF
CHEVROLET,SILVERADO LT
Chevrolet,Colorado
Chevrolet,Classic
Chevrolet,5500 HD LCF Diesel
Chevrolet,C10 Custom Pick Up
Chevrolet,CC6500
Chevrolet,Lumina
Chevrolet,Impala Limited
Chevrolet,Impala Police Pkg
Chevrolet,4500XD LCF Diesel
Chevrolet,Apache
Chevrolet,6500 XD LCF Diesel
Chevrolet,4500 HG LCF GAS 176 WB
Chevrolet,Cavalier
Chevrolet,Bel Air
Chevrolet,Silverado 3500
Chevrolet,Express Cutaway
Chevrolet,Express 3500
Chevrolet,4500 HD LCF Diesel
Chevrolet,Silverado 1500HD
Chevrolet,Aveo
Chevrolet,Express Passenger
Chevrolet,G20
Chevrolet,Uplander
Chevrolet,New Tahoe
Chevrolet,Express Van G3500
Chevrolet,Silverado 3500Hd Cc
Chevrolet,Express Commercial Cutaway
Chevrolet,C/K 3500
Chevrolet,City Express Cargo Van
Chevrolet,TRAVERSE
Chevrolet,Bolt EV
Chevrolet,Silverado SS
Chevrolet,Pickup
Chevrolet,Silverado
Chevrolet,4500 XD LCF Diesel
Chevrolet,Suburban 2500
Chevrolet,Silverado 2500 Crew Cab
Chevrolet,Equinox EV
Chevrolet,BrightDrop 400
Chevrolet,Camaro
Chevrolet,Traverse Limited
Chevrolet,TRAX
Chevrolet,SS
Chevrolet,Malibu Limited
Chevrolet,C/K Pickup
Chevrolet,Silverado 4500Hd
Chevrolet,Monte Carlo
Chevrolet,3100
Chevrolet,Express Cargo
Chevrolet,C/K 1500 Lt
Chevrolet,4500 Hg Lcf Gas
Chevrolet,Spark
Chevrolet,TrailBlazer EXT
Chevrolet,Tahoe
Chevrolet,Express Cutaway 4500
Chevrolet,SILVERADO 3500HD
Chevrolet,Silverado 3500HD Chassis
Chevrolet,Venture
Chevrolet,C4500
Chevrolet,Express 1500
Chevrolet,Silverado 2500
Chevrolet,Silverado 2500 Hd
Chevrolet,Cruze Limited
Chevrolet,5500 XG LCF Gas
Chevrolet,S-10
Chevrolet,Silverado 1500 Ltd
Chevrolet,Silverado 6500HD
Chevrolet,1F404
Chevrolet,Silverado EV
Chevrolet,Corvette Z06
Chevrolet,Montecarlo
Chevrolet,Silverado 5500Hd
Chevrolet,CC5500
Chevrolet,V Blazer
Chevrolet,PANEL TRUCK
Chevrolet,BrightDrop 600
Chevrolet,Blazer EV Police Package
Chevrolet,Pk
Chevrolet,Equinox
Chevrolet,Caprice
Chevrolet,Chevelle
Chevrolet,5500XD LCF Diesel
Chevrolet,Camero
Chevrolet,5500HD LCF Diesel
Chevrolet,C10
Chevrolet,Tracker
Chevrolet,Silverado 2500HD Built After Aug 14
Chevrolet,Express Van
Chevrolet,7500 XD LCF Diesel
Chevrolet,Spark EV
Chevrolet,4500 LCF Gas
Chevrolet,Express Passeng
Chevrolet,Equinox
Chevrolet,Colorado
Chevrolet,Blazer
Chevrolet,Suburban
Chevrolet,Tahoe
CHEVROLET,TRAILBLAZER
Chevrolet,Express Cargo V
Chevrolet,Traverse
Chevrolet,Silverado 1500
Chevrolet,Silverado 2500H
Chevrolet,Trax
Chevrolet,Silverado 3500H
Chevroletn,Silverado 3500HD CC
Chevy,camaro
CHEVY,NOVA
Chevy,Chevelle SS
Chevy,Bel Air
CHEVY,TAHOE
Chrysler,Pacifica
Chrysler,200
Chrysler,Crossfire
Chrysler,Sebring Sdn
Chrysler,Sebring
Chrysler,Sebring Conv
Chrysler,Town & Country
Chrysler,Town & Country SWB
Chrysler,PT Cruiser
Chrysler,Grand Caravan
Chrysler,LHS
Chrysler,300
Chrysler,Town & Country LWB
Chrysler,PT Cruiser Classic
Chrysler,Prowler
Chrysler,Concorde
Chrysler,Voyager
Chrysler,Roadster
Chrysler,New Yorker
Chrysler,300M
Chrysler,300C
Chrysler,Aspen
Chrysler,Challenger
Chrysler,Pacifica Hybrid
CLUB CAR,TEM-ORANGE CTY NAT
CLUB CAR,TEMPO- MAYOCOO LAKES
CLUB CAR,TEMPO-BALLEN ISLES
CLUB CAR,TEMPO REMAN
CLUB CAR,CARRY ALL 500
CLUB CAR,PRECEDENT-BOCA DELRAY
CLUB CAR,TEM-SOUTHERN HILLS
CLUB CAR,CARRY ALL
CLUB CAR,DS 4P
CLUB CAR,TEMPO -  EAST POINTE
CLUB CAR,TEM-SEMINOLE LAKE
CLUB CAR,TEMPO-BENT PINE
CLUB CAR,TEMPO - LONE PALM
CLUB CAR,TEMPO - YACHT & COUNTRY
CLUB CAR,TEM-DUBS DREAD
CLUB CAR,TEMPO-MAYOCOO LAKES
CLUB CAR,TEMPO - THE LITTLE CLUB
CLUB CAR,TEMPO-LAUREL OAKS
CLUB CAR,PREC
CLUB CAR,TEMPO-RIVER STRAND
CLUB CAR,TEMPO -  OAK HARBOR
CLUB CAR,PRECEDENT
CLUB CAR,DS
CLUB CAR,XRT 800
CLUB CAR,TEMPO-POLO CLUB
CLUB CAR,PRECEDENT-LONE PALM
CLUB CAR,TEMPO-MADISON GREEN
CLUB CAR,TEMPO -  HUNTINGTON HILLS
CLUB CAR,TEMPO - BIG CYPRESS
CLUB CAR,TEM-BOCA WEST
CLUB CAR,TEMPO-STONEGATE
CLUB CAR,TEMPO - JUPITER DUNES
CLUB CAR,TEMPO - MAPLE LEAF
CLUB CAR,TEMPO - HUNTINGTON HILLS
CLUB CAR,TEM-PGA NATIONAL
CLUB CAR XRT,XRT 1550
CLUBCAR,PREC
Coachmen,APE
Coachmen,Apex Ultra-Lite 300BHS
CONTINENTAL CARGO,7' X 14'
CONTINENTAL CARGO,8.5' X 16'
Crossroads,328SB
Cruiser,Aire
CYNG,TRAILER
Dallara,EXP
DAMON,ESCAPER
Damon,Ultra Sport
DATSUN,240Z
DEMCO,AT70009
Dixie,Chopper
Dodge,Nitro
Dodge,BR1500
Dodge,SRT-4
Dodge,Ram 3500
Dodge,Ram 1500 Classic
Dodge,Journey
Dodge,Ram 2500
Dodge,Avenger
Dodge,Ram Wagon
Dodge,Dart
Dodge,Magnum
Dodge,Demon
Dodge,440
Dodge,Ram 5500HD Chassis Cab
Dodge,Dakota
Dodge,Viper
Dodge,Coronet Super Bee
Dodge,Journey Crossro
Dodge,D350 & W350
Dodge,Ram 150
Dodge,Superbee
Dodge,Ram 1500
Dodge,Caliber
Dodge,Caravan
Dodge,Grand Caravan
Dodge,Ram 4500
Dodge,Charger Daytona
Dodge,Lil Red
Dodge,CHALLENGER
Dodge,Power Wagon
Dodge,Coronet
Dodge,Intrepid
Dodge,Hornet
Dodge,SRT Viper
Dodge,Neon
Dodge,Sprinter 3500
Dodge,Charger
Dodge,D250 & W250
Dodge,Ram
Dodge,DURANGO
Dodge,Stratus Sdn
Dodge,Lil Red Pickup
Dodge Brothers,Touring Sedan
Dodge,Durango
Ducati,695 Monster
DUCATI,MOTORCYCLE
DUCATI,SCRAMBLER ICON
DUTCHMAN,ASPEN TRAIL
Dutchman,263Bh
DUTCHMAN,COLEMAN
DUTCHMAN,DENALI
Dutchmen,Voltage
Dutchmen,Aspen Trail LE
E Z GO,RXV
EAGLE,UT
EAGLE,11 CAMPER
EAGLE CAP,850
EAST TO WEST,TANDARA
Easy GO Golf Cart,L6 Elite
EBY,FLEX REMOVABLE SLIDE LAND
EBY,GN16K
EBY,GN25K
EBY,MAVERICK LS
EBY,DO14K
Echo,6X14
Elite,Bzs48fr73003250013
ELITE,AEV 2+2
Elite,Bzs60kt74503240911
Elite,Bzs54fr73009240052
Elite,Bzs60fr73004250268
ELITE,AEV 2
Elite,Bzs60fr73004250269
Equipment Pro,Cat 416C
Equipment Pro,Tk Auto Car
ESCAPE,E20
EVOLUTION,D5-C6
EVOLUTION,4PRO CLASSIC
EVOLUTION,4 PRO
EVOLUTION,2+ CLASSIC
EVOLUTION,D3 VILLAGE
EVOLUTION,CLASSIC 4 PRO
EVOLUTION,4+ CLASSIC
EXCEL,TRAILER
EZ GO,TXT - OAK HARBOR
EZ GO,TXT-GC OF AMELIA ISLAND
EZ GO,TXT FREEDOM 4P
EZ GO,RXV
EZ GO,S4
EZ GO,RXV FREEDOM
EZ GO,RXV SHUTTLE 2 + 2
EZ GO,TXT 36 2P
EZ GO,BAD BOY
EZ GO,VALOR
EZ GO,TXT - THE HEIGHTS
EZ GO,EZ GO
EZ GO,RXV ELITE
EZ GO,TXT
EZ GO,FREEDOM
EZ GO,RXV VALOR
EZ GO,TXT-MYSTIC DUNES
EZGO,RXV
EZGO,TXT
EZGO,GOLF CART
EZGO,RXV GOLF CART
Featherlite,CAR HAULER
Featherlite,Utility
Featherlite,HORSE
Ferrari,812 GTS
Ferrari,Portofino M
Ferrari,458 Italia
Ferrari,308
Ferrari,California T
Ferrari,430
Ferrari,LaFerrari
Ferrari,458 Challenge
Ferrari,SF90 Stradale
Ferrari,F8 Tributo
Ferrari,488 GTB
Ferrari,296
Ferrari,Testarossa
Ferrari,Portofino
Ferrari,360
Ferrari,812 Superfast
Ferrari,F12tdf
FERRARI,SPIDER
Ferrari,BBI BOXER
Ferrari,296 GTS
Ferrari,F8 Spider
Ferrari,Purosangue
FERRARI,488 CHALLENGE
Ferrari,Roma Spider
Ferrari,Roma
Ferrari,488 Challenge Evo
FERRARI,360 COUPE
Ferrari,California
Ferrari,488 Pista
Ferrari,GTC4Lusso
Ferrari,F12berlinetta
Ferrari,SF90 Spider
FERRARI,296 CHALLENGE
FERRARI,F169 ROMA
Ferrari,488 Spider
Ferrari,599
Ferrari,296 GTB
FIAT,500e BATTERY ELECTRIC
FIAT,500
Fiat,500 Jolly
FIAT,500 Abarth
Fiat,500e
FIAT,500c
Fiat,500X
FIAT,500L
FIAT,124 Spider
Fisker,Karma
Fisker,Ocean
FLEETWOOD,STORM
FLEETWOOD,PROWLER
FLEETWOOD,CLIPPER
Fleetwood,Flair Motorhome
FLEETWOOD,TERRY
FLTS,UT TRAILER
Ford,Transit 250 Cargo Van LR
Ford,E-450 Stripped
Ford,E-350 W/ 14' Box Van
Ford,Focus ST
Ford,Windstar Wagon
Ford,F-250 SRW
Ford,E-SERIES KUV
Ford,Roush F-250 Sd
Ford,F-550 DRW
FORD,ECONOLINE
Ford,F-450 DRW
Ford,F-650 Gas
Ford,E-SERIES BOXTRUCK
Ford,SUPER DUTY F-250
Ford,F350 4X4 C/C
Ford,F150 HYBRID
Ford,F-Stripped Chassis
Ford,E-450 Moving Van W/ Attic
Ford,Maverick Hybrid
Ford,Freestyle
Ford,F450
Ford,Mustang Mach-E
Ford,Fusion Hybrid
Ford,T
Ford,C-Max Energi
Ford,EXPLORER 4X4
Ford,MUSTANG MACHE
Ford,Skyliner
Ford,E-150
Ford,F-750 Gas
Ford,F-650 STRAIGHT FRAME
Ford,Transit Commercial
Ford,F-350 DRW Super Duty
Ford,SUPER DUTY F-250 SERVICE BODY SRW
Ford,F-350SD
Ford,Torino
Ford,F350 W/ 9' Flatbed
Ford,F-150 SuperCrew
Ford,E-Transit-350 Cargo Van
Ford,Transit-150 Cargo Van
Ford,F-650 Diesel
Ford,Crown Victoria
FORD,T BIRD
Ford,F-150 Lghtning
FORD,BRONCO SPORT
FORD,RANGER PICKUP
Ford,Transit-350 Cab Chassis
Ford,Fusion
FORD,ECOSPORT
FORD,ROADSTER
Ford,F-650
Ford,F-53 Motorhome Chassis
Ford,E-350 Stripped
Ford,F650 Drw
Ford,E-350
Ford,Super Duty F-250 LARIAT - SHELBY SUPER BAJA
Ford,Transit 8 Passenger Van
Ford,F-350 Chassis Cab
FORD,F800
Ford,C-Max Hybrid
Ford,F-250 HD
Ford,F-550sd
Ford,Transit 15-Passenger Wagon
Ford,Goshen 21 Passenger
Ford,Super Duty F-350 DRW Crane
Ford,F-250 Sd
Ford,Transit Conversion Van
Ford,Police Interceptor Utility
Ford,EXPLORER
Ford,Police Interceptor Sedan
Ford,F-600 Chassis
Ford,Super Duty F-550 DRW Crane
Ford,Super Duty F-650 Straight Frame Gas
Ford,Taurus X
FORD,RANGER
Ford,Econoline 350 Super Duty
Ford,Transit-250
Ford,F-450Sd
Ford,F250 4X4 C/C
Ford,E-TRANSIT CARGO VAN
Ford,SUPER DUTY F-350 DRW
Ford,MACH-E
Ford,E-Series Bread Van
Ford,E-350 16' Moving Van W/ Attic
Ford,Super Duty F-350 DRW Flatbed
Ford,Flex
Ford,F-650 Straight Frame Gas
Ford,Transit-350 Passenger Van
Ford,Transit Chassis KUV
Ford,F600
Ford,E-SERIES CUTAWAY
Ford,Fusion Energi
Ford,F-59 Commercial Stripped Chassis
Ford,Econoline 250
Ford,Super Duty F-350
Ford,Explorer Sport Trac
Ford,Econoline Commercial Cutaway
Ford,F-650-750
Ford,Model T
Ford,F-350 Sd
Ford,ESCAPE HYBRID
Ford,Mustang Mach E
Ford,F-350 DRW
Ford,ESCAPE 4X4
Ford,Transit Cutaway Box Truck
Ford,Econoline Wagon
Ford,Club Wagon
Ford,Freestar Wagon
Ford,Fiesta
Ford,E-Transit-350 Cutaway
Ford,Bronco8
Ford,Transit-150
Ford,F-550 DRW Super Duty
Ford,F-550 Chassis
Ford,E-Transit-350 Cab Chassis
Ford,E-250
Ford,Freestar
Ford,F-250 SUPER DUTY
Ford,Econoline Commercial Chassis
Ford,E-Transit-350
Ford,E-Series 14 FT Box
Ford,Econoline RV Cutaway
Ford,Roush F-150
Ford,F-650 Md
Ford,Transit-350 Cargo Van
Ford,F-150
Ford,Escort
Ford,F-150 Roush SuperCrew
Ford,Transit Cutaway
Ford,F-150 Heritage
Ford,TRANSIT PASSENGER WAGON
Ford,Super Duty F-53 Motorhome
Ford,Transit-350
Ford,F-250 SRW Super Duty
FORD,F350
Ford,E-450
Ford,Super Duty F-250 Service Body
FORD,ESCAPE
Ford,Transit Wagon
Ford,Transit-350 Crew Van
FORD,BRONCO
Ford,Transit Connect
Ford,F-150 LIGHTNING
Ford,E-Series Stripped Chassis
Ford,Fairlane
Ford,Super Duty F-550 Rollback
Ford,F-450 Sd
Ford,Model 68
Ford,Eco port
Ford,Super Duty F-550 Motorhome
Ford,Transit-350 Cutaway
Ford,F-600
Ford,F-150 Hybrid
Ford,E-Series Cutaway14ft Box Truck
Ford,F-550
Ford,F-150 Police Responder
Ford,Escapem
Ford,MACHE
Ford,Transit Crew Van
Ford,C-MAX HYBRID SEL
Ford,Super Duty F-250 SRW King Ranch
Ford,Econoline 350 Cutaway
FORD,1/2 TON TRUCKS
Ford,Expedition EL
Ford,F-750
Ford,E-350SD
Ford,F-250Sd
Ford,Edge
Ford,F750 SUPER DUTY
Ford,Wagon
Ford,F650
Ford,F-53 Motorhome Stripped Chassis
Ford,F-600 Sd
Ford,Transit-250 Cargo
Ford,E-Series
Ford,Transit Passenger
Ford,Transit EXPLORER CONVERSION
Ford,SUPER DUTY F-350 SRW
Ford,Bronco SASQUATCH PACKAGE
Ford,EXPEDITION
Ford,E350
Ford,BRONCO EBIKE
Ford,Transit Van
Ford,Super Duty F-750 Straight Frame
Ford,EXP
Ford,F-150 Saleen
Ford,Bronco Custom
Ford,Five Hundred
Ford,Transit
Ford,TRANSIT KUV
Ford,F-450 with  Service Body
Ford,E-Stripped Chassis
Ford,Transit 12-Passenger Wagon
Ford,Transit Cutaway KUV
Ford,Super Duty F-550 Flatbed Dump Truck DRW
Ford,Windstar
Ford,Escape PLUG-IN HYBRID
Ford,T350 Vans
FORD,FALCON
FORD,SHELBY
Ford,Super Duty F-600 DRW
FORD,TAURUS
FORD,F-100
Ford,Mustang Shelby Super Snake
Ford,F-650 SD
Ford,Super Duty F-650 Straight Frame
Ford,F-750SD
Ford,F150 PICKUP
Ford,Model A
Ford,E-Transit
Ford,Econoline 450 Cutaway
Ford,Transit-250 Cargo Van
Ford,Sherrod Lifted F-150
Ford,F-450 DRW Super Duty
Ford,Excursion
Ford,Fairmont
Ford,F550 4X4 C/C
Ford,F250
Ford,E-450SD
Ford,Super Duty F-350 SRW Service Body
Ford,F-750 Straight Frame
Ford,F-550 Chassis Cab
Ford,F150 C/C 4X4
Ford,F-450 Chassis
Ford,Mustang RTR Spec 2
Ford,Super Duty F-250 SRW
Ford,Econoline Commercial Cutaway BOX TRUCK
Ford,F-150 Special Service Vehicle
Ford,F-350 SRW
Ford,Super Duty F-350 DRW Service Body
FORD,COBRA
Ford,Utility Police Interceptor
Ford,Focus RS
Ford,Sedan Police Interceptor
Ford,Probe
Ford,Mistang
Ford,Transit-150 Passenger Van
Ford,Base Regul
FORD,FOCUS
Ford,F-650 Super Duty
Ford,E-350 Cutaway
FORD,BRONCO SPT
Ford,F-550 Sd
Ford,GT Mk IV
Ford,F-350
FORD,CUSTOM
Ford,F750
Ford,Super Duty F-250 SRW Service Body
Ford,Super Duty F-550 DRW Dump Body
Ford,F-350 Chassis
Ford,Econoline Cutaway
Ford,F75E REGULAR CAB
Ford,Transit 10-Passenger Wagon
Ford,E450
FORD,BRANCO
Ford,Super Duty
Ford,F150
FORD,F-250
Ford,F-650 Pro Loader
Ford,ETRANSIT
Ford,SUPER DUTY F-450 DRW
Ford,Super Duty F-550 Diesel Rollback
Ford,F-350 Crew Cab
Ford,F-650SD
Ford,TRANSIT CONNECTION
Ford,Shelby GT500
Ford,Transit Cargo Van
FORD,MAVERICK
Ford,Transit Connect Wagon
Ford,F-750 Straight Frame Gas
Ford,Mustang
Ford,F-350 SRW Super Duty
Ford,Transit Connect Van
Ford,E-350 Super Duty
Ford,Gt
Ford,Super Duty F-550 DRW
Ford,E-Transit Cutaway
Ford,F150 Lightning
Ford,Transit High Roof AWD  Cargo Van
Ford,Transit Chassis
Ford,F-150 SUPERCHARGED
Ford,F-Series Pickup
Ford,Super Duty F-350 DRW Chassis
Ford,F-150 Shelby Snake
Ford,Mustang Convertible/Restomod/Coyote 5.0 Engine 700HP
Ford,E-450 Cutaway
Ford,F-150 XLT
Ford,EXPEDITION MAX
Ford,MUSTANG EBIKE
Ford,Super Duty F-550
Ford,Thunderbird
Ford,Escape PHEV
Ford,F550
Ford,Transit-250 Cab Chassis
Ford,F-600SD
Ford,Shelby GT350
Ford,Econoline Cargo Van
Ford,Transit 15 Passenger Wagon MR
Ford,Fusion Plug-In Hybrid
Ford,Focus Electric
Ford,F-450
Ford,F-750 Diesel
Ford,Super Duty F-450
Ford,Super Duty F-450 DRW Flatbed
Ford,Expedition
Ford,Bronco
Ford,Ranger
Ford,Transit Cargo V
Ford,Ecosport
FORD,S-DTY F-650
Ford,F-150
Ford,Expedition Max
FORD,S-DTY F-600
Ford,Super Duty F-25
Ford,Super Duty F-35
Ford,Edge
FORD,F-650
FORD,F-750
Ford,Explorer
Ford,Bronco Sport
FOREST RIVER,FLAGSTAFF - TT
Forest River,Rogue
Forest River,Vengeance Rouge
FOREST RIVER,SALEM CRUISE LITE
Forest River,XLR Nitro M-351
Forest River,Surveyor Legend
Forest River,Cherokee
FOREST RIVER,SALEM
Forest River,260Rt
Forest River,XLF28DK5
FOREST RIVER,FLAGSTAFF
FOREST RIVER,SALEM HEMISPHERE HYPER LYTE
Forest River,CARDINAL   CAF370FLX
FOREST RIVER,VENGEANCE
Forest River,Wildwood X-Lite
FOREST RIVER,SANIBEL
FOREST RIVER,OZARK
FOREST RIVER,BERKSHIRE 25RFXSTS3PLUS
FOREST RIVER,COACHMEN
Forest River,Berkshire
FOREST RIVER,SALEM HEMISPHERE
FOREST RIVER,WILDCAT
Forest River,RLT8326BHW
Forest River,Wildwood
FOREST RIVER,ROCKWOOD
FORESTRIVER,FLAGSTAFF
FORESTRIVER,OZARK
Forklift A1,Lp
Freightliner,M2
Freightliner,Sprinter 3500XD Chassis
Freightliner,Sprinter Cab Chassis
Freightliner,CORONADO
Freightliner,Cascadia 125
Freightliner,Sprinter 3500
Freightliner,Cascadia
Freightliner,Sprinter Cargo Van
Freightliner,Sprinter Cargo Vans
Freightliner,FL60
Freightliner,Sprinter 2500
FREIGHTLINER,CA125SL
Freightliner,Dynamax EUROPA
FREIGHTLINER,M2 106
GARDEN TRAILER,70TV-16BK
Gatormade,12Sau
GATT,TRAILER
Genesis,G90
GENESIS,G70
Genesis,ELECTRIFIED GV70
Genesis,GV80 Coupe
GENESIS,G80
Genesis,GV70
Genesis,GV80
Genesis,ELECTRIFIED G80
Genesis,GV60
Glacier,17Exp Rv
Glacier,17Rd
Glacier,Glacier 24 Explorer
Glacier,17 Rb Le
Glacier,17 Mb Le
Glacier,17Mb Le
Glacier,17Rd 8X17
GMC,HUMMER EV Pickup
GMC,C/K3500
GMC,Yukon
GMC,Envoy
GMC,Hummer Ebike 17
GMC,Savana
GMC,Hummer Ev Suv
GMC,Savana Cutaway 4500
GMC,Sierra 2500Hd
GMC,Terrian
GMC,Sierra 3500HD available WiFi
GMC,Yukon Hybrid
GMC,Sierra 3500
GMC,New Sierra 2500
GMC,Denali
GMC,Sierra 1500 Classic
GMC,C4500
GMC,TC5500
GMC,Savana Passenger
GMC,Savana 2500
GMC,Borracho Custom Pick Up
GMC,Savana Cutaway
GMC,CANYON
GMC,HUMMER EV
GMC,Sierra 1500 6.2L
GMC,3/4 Ton Pickups
GMC,Sierra Denali
GMC,JIMMY
GMC,TC4500
GMC,New Sierra 1500
GMC,Sierra 2500HD available WiFi
Gmc,Acadia
GMC,Savana Commercial Cutaway
GMC,Sierra 3500HD
GMC,Safari Passenger
GMC,Yukon Denali
GMC,W4500 Hd Gas Reg
Gmc,Sierra 1500 Lim
GMC,Sierra 3500HD Chassis
GMC,SIERRA 1500
GMC,Sierra Denali Classic
GMC,Acadia Limited
GMC,Terrain
GMC,Envoy XL
GMC,Suburban 2500
GMC,Hummer Ebike 19
GMC,Vandura
GMC,Sonoma
Gmc,Yukon Xl
GMC,"Acadia,5"
GMC,Sierra EV
GMC,Yukon XL Denali
GMC,Sierra 3500 HD
GMC,Sierra 3500HD CC
GMC,Savana Cargo Van
GMC,Sierra 2500
GMC,Yukon XL 1500
GMC,SIERRA
GMC,Savana Cargo
GMC,Sierra 3500 Crew Cab
GMC,Savana 3500
GMC,Sierra 1500 Limited
GMC,Hummer Recon 17
GMC,Sierra 2500 Hd
GOLF CART,TRLR BGHT FRM RAY 2012
GORILLA,GORILLA G4
GORILLA,G4 CART
GORILLA,G4L CART
GORILLA,GORILLA G2
GORILLA,G4
GORILLA,GORILLA
GORILLA RIDES,G4L LI
Grand Design,Imagine
GRAND DESIGN,SOLITUDE
GRAND DESIGN,-
Grand Design,Reflection
GRAND DESIGN,2400BH
GULFSTREAM,INNSBROOK
HD,FLD103
HD,FLS103
HD,FXDB103
HDK,D5 Maverick 4
Heartland,Sundance
HEARTLAND,TORQUE FW
Heartland,Landmark
HEARTLAND,PIONEER-FW
HEARTLAND,NORTH COUNTRY
HIGHLAND RIDGE,OPEN RANGE
HINO,XJC720 / XFC720
Hino,S5 19500 GVWR
Hino,S5
Honda,CRF1100LR
Honda,SXS10S2XD TALON
Honda,Pilot
Honda,Hr-v
Honda,SXS10M5D
Honda,TRX250TM1
Honda,TRX250TE1
Honda,TRX420FM1
Honda,TRX520FM6N
Honda,SXS10M5PR
Honda,TRX520FA6
Honda,CMX500A2
Honda,GROM125S
Honda,HONDA
Honda,Civic Hatchback Hybrid
Honda,Navi Base - Nut Brown
Honda,FOURTRAX 4X4
Honda,CL500
Honda,GROM125AN
Honda,CB1000SP
Honda,CMX1100LDM
Honda,Accord Hybrid
Honda,Odyssey
Honda,TRX520FM1
Honda,ACCORD COUPE
Honda,VT13CXA
Honda,TRX250X
Honda,Accord Sdn
Honda,CBR650R
Honda,SXS700M2
Honda,TALON
Honda,Rebel 300 ABS
Honda,TRX420FA2
Honda,Pioneer
Honda,Foreman
Honda,Odyssey Elite
Honda,SXS10M3P
Honda,Fit
Honda,CT125AM
Honda,Element
Honda,CBR500RA
Honda,Accord Cpe
Honda,CMX300
Honda,SXS700M4M
Honda,Civic Hybrid
Honda,SXS10M6D
Honda,ST1300
Honda,Cr-V
Honda,RUCKUS
Honda,CR-V Hybrid
Honda,CB300RK
Honda,Civic Sedan Hybrid
Honda,CRF1100LDR
Honda,TRX420TE1N
Honda,Ridgeline
Honda,VT750BSR
Honda,Civic Si Sedan
Honda,ACCORD SEDAN
Honda,CR-Z
Honda,Fury ABS
Honda,CRF450RS
Honda,PCX
Honda,MONKEY
Honda,CRF450RXN
Honda,SXS10M5SES
Honda,CMX500A
Honda,CIVIC
Honda,TRX520FA7
Honda,SXS10M3FD
Honda,MD250H8
Honda,TRX520FM2
Honda,TRX520FA5M
Honda,CMX500
Honda,SXS10M6DL
Honda,Insight
Honda,SXS700M4D
Honda,GL1100
Honda,SXS520
Honda,CR-V FCEV
Honda,Civic Coupe
Honda,Accord Plug-in Hybrid
Honda,METROPOLITAN
Honda,CRF250RR
Honda,PCX150AR
Honda,TRX520FM6
Honda,Accord Crosstour
Honda,TRX420FA6
Honda,Goldwing
Honda,CT125
Honda,Civic Si
Honda,ADV160
Honda,TRX420FA5
Honda,TRX420TM1M
Honda,Passport
Honda,SABRE
Honda,SXS10S2RR
Honda,Cmx500 (rebel500)
Honda,CB650R
Honda,Prologue
Honda,Civic Sedan
Honda,VT600C
Honda,TRX520FA5
Honda,FOURTRAX
Honda,VT750C2BG
Honda,Accord
Honda,CB300RA
Honda,Clarity Plug-In Hybrid
Honda,Civic Type R
Honda,GROM125SS
Honda,FURY
Honda,XR150LR
Honda,CBR500
Honda,CRF450XP
Honda,890 Duke R
Honda,Crosstour
Honda,TRX250
Honda,CIVIC HATCHBACK
Honda,Civic Si Coupe
Honda,S2000
Honda,CRF450R
Honda,VT750
Honda,CRF250FN
Honda,SXS700M2F
Honda,SXS700M4F
Honda,NVA110BR
Honda,XL750
Honda,Prelude
Honda,CRF50FN
Honda,DAX
Honda,Civic Cpe
Honda,Civic  Hybrid
Honda,SXS10S4X TALON
Honda,CBR10SPS
Honda,Civic Sdn
Honda,SXS10M5P
HRLY,FTBY
Hummer,H2 SUT
Hummer,Hummer
HUMMER,H3 SUV
Hummer,H2 SUV
Hummer,H3
HUMMER,H3T
HUMMER,H2
HUMVEE,SPORT
"Hyun,dai",Tucson
Hyundai,Sonata
HYUNDAI,SONATA LTD ULT
HYUNDAI,VENUE
Hyundai,Elantra
Hyundai,XG350
HYUNDAI,IONIQ 5
Hyundai,Veracruz
Hyundai,Tucson Hybrid
Hyundai,Santa Fe Hybrid
Hyundai,Santa Fe XL
Hyundai,Accent
Hyundai,Genesis Coupe
Hyundai,Genesis
Hyundai,Ioniq Plug-In Hybrid
Hyundai,Veloster N
Hyundai,Ioniq Electric
Hyundai,Ioniq 9
Hyundai,Elantra N
Hyundai,KONA
Hyundai,Santa Fe Plug-In Hybrid
Hyundai,Kona N
Hyundai,Santa Cruz
Hyundai,Santa Fe Sport
Hyundai,Veloster
Hyundai,Tucson
Hyundai,Santa Fe
Hyundai,Palisade
Hyundai,IONIQ5 N
Hyundai,Sonata Hybrid
Hyundai,Azera
Hyundai,Elantra Coupe
HYUNDAI,KONA ELECTRIC
Hyundai,Tucson Plug-In Hybrid
Hyundai,Elantra HEV
Hyundai,IONIQ 6
Hyundai,Sonata Plug-In Hybrid
Hyundai,IONIQ Hybrid
Hyundai,Elantra Touring
Hyundai,Equus
HYUNDAI,ELANTRA HYBRID
Hyundai,IONIQ 5 N
Hyundai,Elantra GT
ICON,LSV
ICON,ICON
ICON,I40
ICON,I20
ICON,I40FL 4P FF LIFTED
Icon Electric Vehicle,I40L
Indian,Scout Bobber Abs
Indian,Challenger
Indian,Springfield Dark Horse
Indian,Chief
Indian,Chief Dark Horse
Indian,Springfield
INDIANB,FTR1200
INEOS,Grenadier Quartermaster
INEOS,Grenadier
INEOS,Quartermaster
INEOS,Grenadier Station Wagon
INFINITI,G25 Sedan
INFINITI,Q60 IPL
INFINITI,QX50
INFINITI,FX37
INFINITI,Q60
INFINITI,QX30
INFINITI,QX70
Infiniti,QX56
INFINITI,M35
Infiniti,QX80
INFINITI,Q70L
INFINITI,G37
INFINITI,M35x
INFINITI,FX45
INFINITI,QX55
INFINITI,Q60 Convertible
INFINITI,EX35
INFINITI,Q70
INFINITI,QX60
INFINITI,M37x
INFINITI,Q60 Coupe
INFINITI,G37 Convertible
INFINITI,Q40
INFINITI,G35 Coupe
INFINITI,FX35
INFINITI,QX4
INFINITI,M56
INFINITI,EX37
INFINITI,G35
INFINITI,G37 Sedan
INFINITI,M37
INFINITI,M35h
INFINITI,G25
INFINITI,G37x
INFINITI,G37 Coupe
INFINITI,Q50
INFINITI,G35x
INFINITI,JX35
INFINITI,G35 Sedan
Inter,4300
Internatio,Intl Truck
INTERNATIO,4300
INTERNATIONA,7000 SERIES 740
International,Mv607
International,4300 LP
International,4000
International,4300
INTERNATIONAL,PROSTAR
International,CV 515
International,Cv515
INTERNATIONAL,4000 SERIES
International,4400
International Harvester,MV607
Interstate,Enclosed Trailer
Isuzu,NPR LCF Gas Cab & Chassis
Isuzu,NPR Diesel
Isuzu,NPR HD Gas w/ 10ft EBY Aluminum Dump Body
Isuzu,Nprgas HD
Isuzu,NPR Gas w/ 10ft Steel Dump
Isuzu,NQR Gas w/ 16ft DuraMag Dry Freight Body
Isuzu,NPR HD Gas w/ 20ft Wabash Dry Freight Body
Isuzu,NPR Gas w/ 18ft Unicell Dry Freight Body
Isuzu,LCF
Isuzu,NPR XD Diesel w/ 18ft Morgan Dry Freight Body
Isuzu,NPR LCF w/ 18ft Morgan Dry Freight Body
Isuzu,FTR MT6 G4
Isuzu,1U154
Isuzu,5500
Isuzu,NRRGAS
Isuzu,FVR
Isuzu,"NPR-HD Gas 150WB, 127.5CA"
Isuzu,"NRR 176WB, 153.5CA"
Isuzu,NPR HD
Isuzu,VehiCROSS
Isuzu,NPR HD DSL REG AT
Isuzu,NPRHD 176 CHASSIS
Isuzu,NPR Gas LCF Cab & Chassis
Isuzu,NPR HD Gas w/ 14ft Morgan Reefer Body & Carrier 40
Isuzu,NPR HD Gas w/ 20ft Morgan Dry Freight Body
Isuzu,NPR XD
Isuzu,NRR
Isuzu,NPR Gas w/ 16ft Unicell Dry Freight Body
Isuzu,NPR HD GAS REG
Isuzu,NPR GAS
Isuzu,Ascender
Isuzu,NPR HD Gas w/ 20ft DuraMag Dry Freight Body
Isuzu,i-290
Isuzu,NPR HD DIESEL
Isuzu,NPR HD GAS
Isuzu,NPR-HD
Isuzu,NPR-XD
Isuzu,Amigo
Isuzu,NPRGASHD CREW CAB
Isuzu,NRR Diesel w/ 18ft Morgan Dry Freight Body & Liftg
Isuzu,NQR
Isuzu,NPRHD DIESEL
ISUZU,FTR
Isuzu,NPR Gas w/ 20ft Duramag Dry Freight Body
Isuzu,NPR HD Gas w/ 18ft Durmag Dry Freight Body
Isuzu,Npr
Isuzu,Rodeo
Isuzu,Trooper
Isuzu,NPR HD Gas w/ 18ft  Dry Freight Body
Isuzu,NPR Gas w/ HookLift 12ft Container
Isuzu,NPR HD w/ 14ft Dejana Utility Body
Isuzu,NPR Gas w/ 16ft Morgan Reefer Body
Isuzu,NPR HD Gas w/ 18ft Morgan Dry Freight Body
Isuzu,NPRGASHD
Isuzu,NPR w/16ft Dry Freight & Walk Ramp
Isuzu,NPR HD Gas w/ 11ft Aluminum EBY Dump Body
Isuzu,NPRHD
Isuzu,"MT6 FTR Cab Chassis 224WB, 199CA"
Isuzu,"NRR 150WB, 127.5CA"
Isuzu,Pickup
Isuzu,FTR Crew Cab & Chassis
Isuzu,NPRXD
Isuzu,1G404
Isuzu NPR Gas Cab & Chassis,NPR
Isuzu NRR Diesel w/ Morgan Ins,NRR Diesel
ISUZU,NPR XD
ISUZU,ISUZU TRUCK
Jaguar,XF
Jaguar,E-PACE
Jaguar,Mark V
JAGUAR,IPACE
Jaguar,F-TYPE Convertible
Jaguar,XJS
Jaguar,XF Sedan
Jaguar,XK8
Jaguar,F-PACE
Jaguar,F-TYPE Coupe
Jaguar,S-TYPE
JAGUAR,EPACE S
Jaguar,I-PACE
Jaguar,XJ8
Jaguar,XK
Jaguar,X-TYPE
Jaguar,XE
Jaguar,F-TYPE
Jaguar,XJ
JAYCO,OCTANE
JAYCO,JAYFEATHER
Jayco,Jay Flight SLX Series
Jayco,Eagle
JAYCO,JAY FLIGHT
JEEP,WRNGLR 4DR
Jeep,Grand Wagoneer
Jeep,Grand Cherokee 4xe
Jeep,Wagoneer S
Jeep,Grand Wagoneer L
Jeep,Liberty
Jeep,Cherokee
Jeep,Wagoneer
Jeep,Compass
Jeep,All-New Wrangler Unlimited
Jeep,Scrambler
Jeep,Wrangler JK
Jeep,CJ-7
Jeep,Gran Cherokee
JEEP,WRANGLER
Jeep,Wrangler Unlimited 4xe
Jeep,Wagoneer L
Jeep,Grand Cherokee Wk
Jeep,Commander
Jeep,Patriot
Jeep,CJ-5
Jeep,Grand Cherokee L
Jeep,Renegade
Jeep,New Compass
Jeep,GLADIATOR
Jeep,Wrangler Unlimi
JEEP,WRANGLER UNLIMITED
Jeep,Wrangler JK Unlimited
JEEP,WRANGLER 4-DOOR SPORT
Jeep,Wrangler 4XE
Jeep,"Wrangler       ,"
Jeep,Grand Cherokee
Jeep!,Cherokee
JOHN,DEERE
John Deere,4520 Tractor
JOHN DEERE,GATOR XUV590 4X4
John Deere,3020
John Deere,Gator
JONWAY,SCOOTER
K & S FABRICATION,DUTTON 18' TA VA UT
K & S FABRICATION,DUTTON 14' TA VA UT
K & S FABRICATION,DUTTON CGDT 16' TA
K & S FABRICATION,DT 16' TA VA UT
K & S FABRICATION,DT 16' TA DOVE
K & S FABRICATION,DUTTON 18' TA VA CH
K & S FABRICATION,DT 22' TA VA CH 15K
K&S FABRICATION,DUTTON 20' TA VA CH 10K
K&S FABRICATION,DUTTON 14' TA VA UT
K&S FABRICATION,DUTTON 20' DECKOVER 10K
KARAVAN,WATERCRAFT TRAILER
KARAVAN,UTILITY TRAILER
Karma,Revero
Karma,Revero GT
KAWASA,VN1700KNFAL
Kawasaki,Brv42fs60003250002
Kawasaki,Vulcane S
Kawasaki,Vulcan
KAWASAKI,VULCAN CLASSIC
Kawasaki,Kx65
Kawasaki,VN900
Kawasaki,Klx-300S
Kawasaki,Brg61385ka03250071
Kawasaki,Brg61385ka03250072
Kawasaki,Vulcan 1700 Voyager ABS
Kawasaki,Krf1000
Kawasaki,KLR650
KAWASAKI,KLX 230 SM
Kawasaki,Zx10r
KAWASAKI,KLE300C
Kawasaki,Brg72385ka03250007
Kawasaki,Zx1400 J
KAWASAKI,1700 VULCAN NOMAD
Kawasaki,Brg61385ka03250074
KAWASAKI,TERYX
KAWASAKI,MULE
Kawasaki,Brb6135ka03250007
Kenworth,T370
Kenworth,T300
Keystone,Bullet
KEYSTONE,LAREDO
KEYSTONE,HIDEOUT
KEYSTONE,SUNSET TRAIL
KEYSTONE,COUGAR
KEYSTONE,SPRINGDALE
Keystone,Impact
Keystone,Cougar Lite
KEYSTONE,SPRINTER
KEYSTONE RV,COUGAR
KEYSTONE RV,COUGAR-FW
KEYSTONE RV COMPANY,SPRINGDALE
KEYSTONE RV COMPANY,ALPINE
KEYSTONE RV COMPANY,Outback
Kia,Spectra
KIA,EV9 LAND
KIA,NIRO PHEV
Kia,Rondo
Kia,Soul EV
Kia,Forte 5-Door
Kia,Ev6
KIA,EV9 WIND
KIA,FORTE
Kia,Telluridepp
Kia,Stinger
KIA,SORENTO PHEV
Kia,Niro Plug-In Hybrid
Kia,Sportage Plug-In Hybrid
KIA,SPORTAGE PHEV
KIA,SPORTAGE
Kia,Sephia
Kia,Sorento Plug-In Hybrid
Kia,K4
Kia,Sorento
KIA,K5
KIA,SOUL
KIA,Carnival
Kia,Optima
KIA,SORENTO HYBRID
KIA,NIRO
Kia,Rio
Kia,Optima Plug-In Hybrid
Kia,Sedona
Kia,Seltos
Kia,Carnival MPV
Kia,Ev9
Kia,Amanti
Kia,Telluride
Kia,Niro EV
Kia,Forte Koup
Kia,K900
Kia,Cadenza
Kia,Rio5
Kia,Optima Hybrid
KIA,CARNIVAL HYBRID
Kia,Carnival MPV Hybrid
Kia,Rio 5-Door
KIA,CARNIVAL SX/SX
KIA,SPORTAGE HYBRID
Kia,Forte5
Kiart,Sportage
KOMFORT,LITE
KTM,EXC
Ktm,890 Duke R
KTM,300XC W
Kubota,BX2380
KUBOTA,1100C
Lamborghini,Revuelto
Lamborghini,Gallardo
Lamborghini,Huracan
Lamborghini,Huracan Sterrato
Lamborghini,Sian
Lamborghini,Urus
Lamborghini,Centenario Roadster
Lamborghini,Huracan STO
Lamborghini,Aventador
Lamborghini,Aventador SVJ
Lamborghini,Huracan Tecnica
Lamborghini,Huracan EVO
LANCE,CAMPER
Land Rover,VELAR
Land Rover,DEFENDER110
Land Rover,Range Rover Evoque
Land Rover,LR3
Land Rover,Custom Defender 110
Land Rover,RR ATB LWB
Land Rover,RANGL
LAND ROVER,RANGE ROVER SPORT
Land Rover,Sport
Land Rover,New Range Rover
Land Rover,Defender 90
Land Rover,Range Rover Velar
Land Rover,EVOQUE
Land Rover,DISCOVERY SPORT
Land Rover,RANGE ROVER ATB
Land Rover,RANGE ROVER
Land Rover,DISCOVERY
LAND ROVER,110 DEFENDER
Land Rover,LR2
Land Rover,Defender
Land Rover,LR4
Land rover,Defender 110
Land Rover,Range Rover Sport Hybrid
Land Rover,Defender 130
Land Rover,RHD Defender
LARK,TRAILER
LEISURE TRAVEL,UNITY U24MB
Leonard,Nationcraft
Lexus,LS 500h
Lexus,ES 330
Lexus,ES 350
Lexus,GS 450h
Lexus,GX 550
Lexus,IS F
Lexus,RC 200t
Lexus,NX 300
Lexus,Ux
Lexus,GX
Lexus,RX 400h
Lexus,IS 250
Lexus,SC
Lexus,RZ
Lexus,HS 250h
Lexus,IS 200t
Lexus,RX 350h
Lexus,GX 470
Lexus,ES 300
Lexus,UX 250h
Lexus,LS 500
Lexus,Ls
Lexus,GS
Lexus,RZ 450e
Lexus,RX
Lexus,CT
Lexus,NX
LEXUS,UX 200
Lexus,CT 200h
Lexus,RC-F
Lexus,Gx 460
Lexus,NX 450h
Lexus,RZ 300e
Lexus,LX 470
Lexus,IS 300
Lexus,GS 350
Lexus,LX 600
Lexus,ES 300 Luxury Sport Sdn
Lexus,NX 250
Lexus,RC 350
Lexus,UX 300h
Lexus,HS
Lexus,RX 350L
Lexus,RC
Lexus,IS
Lexus,RC F
Lexus,NX 300h
Lexus,SC 430
Lexus,NX 450h+
Lexus,RX 330
LEXUS,GX460
Lexus,TX 350
Lexus,LC
Lexus,IS 500
Lexus,Tx
Lexus,LS 430
Lexus,LS 600h L
Lexus,LS 400 Luxury Sdn
Lexus,Es 300H
Lexus,RX 300 Luxury SUV
Lexus,Es
Lexus,RC 300
LEXUS,IS350
Lexus,GS F
Lexus,LX 700h
Lexus,GS 300
Lexus,IS 350C
LEXUS,RX350
Lexus,NX 350
Lexus,RX 500h
Lexus,LC 500
Lexus,NX 200t
Lexus,RX 450hL
Lexus,LX 570
Lexus,RX 450h
Lexus,NX 350h
Lexus,LS 460
Lexus,ES 250
Lexus,RX 300
Lexus,LX
Lexus,Rx 350
Lexus,TX 500h
Lexus,IS 250C
Lexus,GS 430
Lexus,GS 200t
Lexus,IS 350
Lexus,SC 400
LINCOLN,NAUTILUS HYBRID
LINCOLN,AVIATOR
LINCOLN,CORSAIR HYBRID
Lincoln,MKC
Lincoln,Mark LT
Lincoln,Continentalt65567q
Lincoln,Aviator Plug-In Hybrid
Lincoln,MKT
LINCOLN,NAVIGATOR L
Lincoln,MARK VIII
Lincoln,Corsair
Lincoln,Continental
Lincoln,Town Car
Lincoln,MKS
Lincoln,Navigator
Lincoln,Mk Iii
Lincoln,LS
Lincoln,Mkx
Lincoln,Mark Iv
Lincoln,NAUTILUS
Lincoln,MKZ
Lincoln,MKZ Hybrid
Lincoln,Zephyr
Lincoln,MARK V
Lincoln,Corsair
LINHAI,L200
Linqacoln,Aviator
LiveWire,S2 Del Mar
LiveWire,S2 Mulholland
LiveWire,LiveWire S2 Alpinista
LOAD EAZ,LOAD EAZ TRAILER
Lotus,Emira
Lotus,Evora GT
Lotus,Elise
Lotus,Evora
Lotus,Evora 400
Lucid,Air
LW,LW1
LW,S2DM
LW,S2MH
MACK,613 LEU
Marlon,425-0004
Marlon,XPLORE II SXS DECK
MASEA,SIDE BY SIDE
Maserati,Levante
Maserati,Coupe
Maserati,Ghibli
Maserati,GranCabrio
Maserati,Quattroporte
Maserati,GranTurismo Convertible
Maserati,Grecale
Maserati,GranTurismo Folgore
Maserati,MC20
Maserati,Grecale Folgore
Maserati,GranTurismo
Maserati,Spyder
massimo,750
MASSIMO MOTOR,BUCK 250
MasterCraft,X2
Maverick,Maverick Hd 60 Vanguard
Maverick,Bmh5428evg04250058
MAXED OUT MARINE,MOM FC21 300R
MAXX-D,40' LDB LOW PROFILE TANDEM FLATBED
Mazda,CX-50 Hybrid
Mazda,MAZDA3 Sedan
Mazda,MAZDA3
Mazda,CX-3
Mazda,CX-70 Plug-In Hybrid
Mazda,MX-5 Miata RF
Mazda,CX-70
Mazda,MX-30 EV
Mazda,MAZDA CX-30
Mazda,CX-50
Mazda,MAZDA B2300
Mazda,MAZDA CX-70 Plug-In Hybrid
Mazda,MAZDA CX-9
Mazda,CX-9
Mazda,MAZDA Miata RF
Mazda,MAZDA CX-90
Mazda,MAZDA MX-5 Miata RF
Mazda,MAZDA2
Mazda,MAZDA3 4-Door
Mazda,MAZDA CX-50 Hybrid
Mazda,MX-6
Mazda,MAZDA CX-50
Mazda,MX5 MIATA
Mazda,MX-5 MIATA
Mazda,Cx-5
Mazda,MAZDA5
Mazda,MX-5
Mazda,MAZDA Miata
Mazda,RX-8
Mazda,MAZDA CX-5
Mazda,CX-90 Plug-In Hybrid
Mazda,Cx-30
Mazda,MAZDA3 5-Door
Mazda,Protege
Mazda,Tribute
Mazda,MAZDA3 Hatchback
Mazda,MAZDA MX-5 Miata
Mazda,CX-90 PHEV
Mazda,Miata RF
Mazda,Miata
Mazda,MAZDA6
Mazda,3 Sedan
Mazda,Protege5
Mazda,CX-70 PHEV
Mazda,MAZDA CX-90 Plug-In Hybrid
Mazda,Cx-90
Mazda,CX-70 MHEV
Mazda,CX-7
Mazda,MAZDA 3
Mazda,CX-50 HEV
Mazda,MAZDA CX-3
Mazda,MAZDA CX-70
McLaren,GTS
McLaren,570S
McLaren,750S
McLaren,675LT
McLaren,720S
McLaren,650S
McLaren,Artura
McLaren,GT
McLaren,600LT
McLaren,765LT
MERCEDES,E350A
MERCEDES LIGHT TRUCK,GLA
Mercedes-Benz,CLS 450
Mercedes-Benz,GT
Mercedes-Benz,GLK
Mercedes-Benz,SL63 AMG
Mercedes-Benz,300-Class
Mercedes-Benz,SL 500
Mercedes-Benz,GLE 350 4MATIC
Mercedes-Benz,AMG GLB 35
Mercedes-Benz,M-Class
Mercedes-Benz,Sprinter Passenger Van
Mercedes-Benz,G 550 4x4 Squared
Mercedes-Benz,AMG C 43
Mercedes-Benz,eSprinter Cargo Van
Mercedes-Benz,S
Mercedes-Benz,CLE
Mercedes-Benz,C
Mercedes-Benz,CLS
Mercedes-Benz,E
Mercedes-Benz,ML 550
Mercedes-Benz,AMG GLS 63
Mercedes-Benz,EQS
Mercedes-Benz,GL-Class
Mercedes-Benz,250GD Wolf
Mercedes-Benz,SL 400
Mercedes-benz,GLC
Mercedes-Benz,S Class
Mercedes-Benz,CLA 250 Coupe
Mercedes-Benz,C 400
Mercedes-Benz,GLB 250
Mercedes-Benz,S 600
Mercedes-Benz,AMG GLE 43 Coupe
Mercedes-Benz,ML 63 AMG
Mercedes-Benz,Sprinter Crew Van
Mercedes-benz,EQB
Mercedes-Benz,AMG GLA 35
Mercedes-Benz,Sprinter 4500
Mercedes-Benz,Metris Passenger Van
Mercedes-Benz,GLE 400
Mercedes-Benz,CLS 400
Mercedes-Benz,AMG速 A 35
Mercedes-Benz,E 400
Mercedes-Benz,SLS AMG GT
Mercedes-Benz,SLC
Mercedes-Benz,SLK 300
Mercedes-Benz,AMG E 53
Mercedes-Benz,Metris Cargo Van
Mercedes-Benz,Sprinter Chassis-Cabs
Mercedes-Benz,AMG GLE 63
Mercedes-Benz,SLK 350
Mercedes-Benz,GLK-Class
Mercedes-Benz,AMG速 GT
Mercedes-Benz,GLE 450e
Mercedes-Benz,G
Mercedes-Benz,CLS 550
Mercedes-benz,GLE
Mercedes-Benz,E 350
Mercedes-Benz,E 320
Mercedes-Benz,CL 500
Mercedes-Benz,AMG SL 55
Mercedes-Benz,GLC 300
Mercedes-Benz,290 GD Pickup
Mercedes-Benz,Cargo Van
Mercedes-benz,CLA
Mercedes-Benz,SL 63 AMG
Mercedes-Benz,AMG GLC 63 Coupe
Mercedes-Benz,AMG SL
Mercedes-Benz,S 500
Mercedes-Benz,E 450
Mercedes-benz,Sprinter 1500
Mercedes-Benz,Sprinter Crew Vans
Mercedes-Benz,S 560
Mercedes-Benz,Maybach S 650
Mercedes-Benz,GLE SUV
Mercedes-Benz,CLA-Class
Mercedes-Benz,Sprinter 3500
Mercedes-Benz,SL 450
Mercedes-Benz,Gls 450
Mercedes-Benz,CLA 45 AMG
Mercedes-Benz,EQE 350 Sedan
Mercedes-Benz,AMG GLE 63 Coupe
Mercedes-Benz,Sprinter limo Vans
Mercedes-Benz,Sprinter Passenger Vans
Mercedes-Benz,ML 350
Mercedes-benz,E-Class
Mercedes-Benz,SLK
Mercedes-Benz,GLE 350
Mercedes-Benz,S 580
Mercedes-Benz,GLA-Class
Mercedes-Benz,CLE 300
Mercedes-Benz,SLR McLaren
Mercedes-benz,GLB
Mercedes-Benz,VIEW
Mercedes-Benz,SL
Mercedes-benz,CLE53 AMG
Mercedes-Benz,GL
Mercedes-Benz,CLK 550
Mercedes-Benz,CLS-Class
Mercedes-Benz,SLK 230
Mercedes-Benz,GL 550
Mercedes-Benz,G 63
Mercedes-Benz,GT S AMG
Mercedes-Benz,Gls
Mercedes-benz,C-Class
Mercedes-Benz,230Sl
Mercedes-Benz,560 Series
Mercedes-Benz,Sprinter Cab Chassis
Mercedes-Benz,SL 550
Mercedes-Benz,G-Class
Mercedes-Benz,AMG速 GT 43
Mercedes-Benz,EQS 580 SUV
Mercedes-Benz,GLE 450 Plug-In Hybrid
Mercedes-Benz,GLE 550
Mercedes-Benz,G320 Powertop Cabriolet
Mercedes-Benz,300 Series
Mercedes-Benz,AMG S 63
Mercedes-Benz,Amg Cls 63
Mercedes-Benz,500 SEC
Mercedes-Benz,Sprinter 3500XD
Mercedes-Benz,GLK 350
Mercedes-Benz,AMG GT 43 4-Door Coupe
Mercedes-Benz,AMG GT
Mercedes-Benz,AMG GLC 43
Mercedes-Benz,G 55 AMG
Mercedes-Benz,S 550
Mercedes-Benz,AMG SL 63
Mercedes-Benz,ML 320 CDI
Mercedes-Benz,C 300
Mercedes-Benz,190
Mercedes-Benz,Gle350
Mercedes-Benz,Mercedes
Mercedes-Benz,G 550
Mercedes-Benz,AMG G 63
Mercedes-Benz,eSprinter
Mercedes-Benz,EQE
Mercedes-Benz,SPRINTER
Mercedes-Benz,GLE 450
Mercedes-Benz,SLS AMG
Mercedes-Benz,E 300
Mercedes-Benz,S 450
Mercedes-Benz,SLK-Class
Mercedes-Benz,AMG S 63 E
Mercedes-Benz,Metris
Mercedes-Benz,CLA 35 AMG
Mercedes-Benz,GLA 250
Mercedes-Benz,CLK
Mercedes-Benz,CLK 320
Mercedes-Benz,CLA 250
Mercedes-Benz,E 63 AMG
Mercedes-Benz,CL-Class
Mercedes-Benz,Sprinter Cargo Van
Mercedes-Benz,AMG GLA 45
Mercedes-benz,GLA
Mercedes-Benz,Gl450
Mercedes-Benz,GLS 580
Mercedes-Benz,SPR
Mercedes-Benz,Sprinter Cargo Vans
Mercedes-Benz,Sprinter 2500
Mercedes-Benz,E350
Mercedes-Benz,AMG GLE 43
Mercedes-Benz,CLK 350
Mercedes-Benz,GLE 450 AMG
Mercedes-Benz,190 SL
Mercedes-Benz,S-Class
Mercedes-Benz,AMG速 GT 63
Mercedes-Benz,GLS 550
Mercedes-Benz,AMG GLE 53 Coupe
Mercedes-Benz,EQE 350 SUV
Mercedes-Benz,SLK 250
Mercedes-Benz,C 350
Mercedes-Benz,GLC 300 Coupe
Mercedes-Benz,A 220
Mercedes-Benz,R-Class
Mercedes-Benz,E 550
Mercedes-Benz,AMG CLS 53
Mercedes-Benz,AMG GLC 43 Coupe
Mercedes-Benz,AMG C 63
Mercedes-Benz,Luxury Sprinter
Mercedes-Benz,C 240
Mercedes-Benz,A-Class
Mercedes-Benz,GL 450
Mercedes-Benz,AMG GLE 53
Mercedes-Benz,Amg Gt 53
Mercedes-Benz,SL-Class
Mercedes-Benz,CLS 450 Coupe
MERCEDES-BENZ,GLC 300
Mercury,Milan
Mercury,Monterey
Mercury,Capri
Mercury,Sable
Mercury,Montego
Mercury,Tracer
Mercury,Grand Marquis
Mercury,Mariner
Mercury,Mountaineer
Mercury,Cougar
MERHOW,HORSE TRAILER - MARTY J
Merkur,XR4TI
MINI,Hardtop 4 Door Cooper S Classic
Mini,SE Countryman
MINI,Hardtop 2 Door Classic
MINI,1000
MINI,Cooper Roadster
MINI,Hardtop 2 Door
MINI,Cooper Coupe
MINI,Countryman S
MINI,Convertible
MINI,Hardtop 2 Door John Cooper Works
Mini,Cooper Countryman All4
Mini,Hardtop
MINI,Convertible Cooper S
MINI,Hardtop 4 Door
MINI,Convertible Cooper
MINI,Hardtop 4 Door Cooper S
MINI,Cooper
MINI,Convertible Cooper S Classic
Mini,5 Door
MINI,Clubman Cooper S
Mini,Clubman
MINI,Countryman
Mini,John Cooper Works GP
MINI,Cooper Paceman
MINI,Hardtop 2 Door Cooper
MINI,Cooper S Countryman
MINI,Countryman Signature
MINI,Hardtop 4 Door Base
MINI,Countryman SE
MINI,Countryman Cooper S
Mini,3 Door
MINI,Hardtop 2 Door Cooper S
MINI,Cooper Clubman
MINI,Cooper Countryman
Mini,SE Hardtop
Mini,Coupe
MINI,Hardtop 4 Door Cooper
MINI,Hardtop 2 Door Cooper SE
MINI,Cooper S
Mini,Cooper S Clubman
MINI,Cooper Hardtop 4 Door
MINI,Cooper Convertible
MINI,Cooper Hardtop
Mitsubishi,Lancer
Mitsubishi,Eclipse Cross
Mitsubishi,Raider
Mitsubishi,Galant
Mitsubishi,FE145
Mitsubishi,Pajero
Mitsubishi,Outlander PHEV
Mitsubishi,Mirage G4
Mitsubishi,3000Gt
MITSUBISHI,ECLIPSE
Mitsubishi,Montero
Mitsubishi,Fuso Fe
Mitsubishi,Outlander Sport
Mitsubishi,Endeavor
Mitsubishi,Outlander
Mitsubishi,Montero Sport
Mitsubishi,Outlander Plug-In Hybrid
Mitsubishi,RVR
Mitsubishi,i-MiEV
Mitsubishi,Lancer Evolution
Mitsubishi,Mirage
MITSUBISHI,FUSO FEC52S
Mitsubishi Fuso,FE160
Moke,America
MOTO EV,NEIGHBORHOOD BUDDY
MOTO GUZZI,V7 III
NASH,NASH
Nepallo,24Ql-St
Nissan,Rogue Select
Nissan,JUKE
Nissan,Titan XD
Nissan,NV200 Compact
Nissan,Maxima
Nissan,ARIYA
Nissan,NVP
Nissan,NV Cargo NV2500 HD
Nissan,NV Passenger
Nissan,Titan
Nissan,Frontier 4WD
Nissan,GT-R
Nissan,Versa Note
Nissan,Murano
Nissan,Nissan Z
Nissan,NV Cargo NV1500
Nissan,Frontier 2WD
Nissan,Armada
Nissan,cube
NISSAN,VERSA
Nissan,300ZX
Nissan,N/A
Nissan,NV
Nissan,Kicks
Nissan,Versa Sedan
Nissan,Xterra
Nissan,NV Cargo NV3500 HD
Nissan,NV Fleet
Nissan,NV Passenger NV3500 HD
Nissan,SKYLINE
Nissan,NV200 Compact Cargo
NISSAN,SENTRA
Nissan,Rogue Hybrid
Nissan,370Z Coupe
Nissan,Pathfinder Armada
Nissan,Z
Nissan,Rogue
Nissan,Rogue Sport
Nissan,Quest
NISSAN,ALTIMA
Nissan,NV2500 HD
Nissan,NV200
Nissan,NV Cargo
Nissan,NV 2500
Nissan,NV 2500 Cargo
Nissan,370Z Roadster
Nissan,PATHFINDER
NISSAN,370Z
Nissan,Kicks Play
NISSAN,FRONTIER
Nissan,Leaf
Nissan,Murano CrossCabriolet
Nissan,Micra
Nissan,350Z
Nissan P/U,Sentra
NORTHWOOD,ARCTIC FOX
Not Specified,Ryker
Not Specified,TRAILER
Not Specified,FXDWG
Not Specified,HARLEY
Not Specified,CHEVELLE
Not Specified,SPORT
Not Specified,MOTORCYCLE
Not Specified,K270
Not Specified,Cargo Trailer 8.5X20
OASIS,FLATDECK TRAILER
ODES,ATV
Oldsmobile,Cutlass Supreme
Oldsmobile,Aurora
Oldsmobile,88 Royale
Oldsmobile,Delta 88
Oldsmobile,Alero
Oldsmobile,442 Conv
Oldsmobile,442
Oldsmobile,88
Oldsmobile,Cutlass
OSHKOSH,H
Other Make,Trailer
OTHER MAKE,TW101
OUTDOOR RV,CREEKSIDE
OUTDOOR RV,BACK COUNTRY
PACFIC COACHWORKS,MINI LITE SERIES
Pagani,Huayra
PALOMINO,REAL-LITE
PETERBILT,378
Piaggio,Mp3 530 Exclusive
PJ,LOW-PRO
Pj Trailers,Cc222
Plymouth,Duster
Plymouth,Voyager
Plymouth,Satellite
Plymouth,Neon
Plymouth,Cuda
Plymouth,Road Runner
Plymouth,Prowler
Plymouth,Hemi Cuda Tribute
Plymouth,Barracuda
Plymouth,Breeze
Plymouth,GTX
Plymouth,Coupe
Polaris,Slling Shot
Polaris,Slingshot R
POLARIS,1
POLARIS,XP 1000
POLARIS,SLINGSHOT
POLARIS,RZR PRO XP
Polaris,Ranger
Polaris,Ranger RZR
Polaris,RAZOR 1000
Polaris,Razor
Polaris,Slingshot SL
POLARIS,RZR
POLESTAR,POLESTAR 3
Polestar,1
Polestar,2
Polestar,3
Pontiac,Torrent
Pontiac,G6
Pontiac,Solstice
Pontiac,Firebird
Pontiac,Montana SV6
Pontiac,Aztek
Pontiac,Chiefton
Pontiac,G8
Pontiac,Bonneville
Pontiac,GTO
Pontiac,G3
Pontiac,Vibe
Pontiac,Fiero
Pontiac,Montana
Pontiac,Grand Am
Pontiac,Sunfire
Pontiac,Trans Am
Pontiac,G5
Pontiac,Grand Prix
Porsche,Cayenne Coupe
Porsche,Panamera
PORSCHE,TAYCAN GTS
PORSCHE,MACAN
PORSCHE,911
Porsche,928
Porsche,Cayenne E-Hybrid Coupe
Porsche,968
Porsche,Taycan Sport Turismo
Porsche,911 Carrera Turbo Coupe
Porsche,718 Cayman
Porsche,944 S2
Porsche,928 S4
Porsche,718 Spyder
PORSCHE,912
Porsche,Cayenne E-Hybrid
Porsche,718 Boxster
Porsche,Macan Electric
Porsche,Cayman
Porsche,Panamera E-Hybrid
Porsche,918 Spyder
PORSCHE,911 TARGA
Porsche,356 D
Porsche,Boxster
Porsche,Cayenne
Porsche,911 Carrera
Porsche,Taycan Cross Turismo
Porsche,Cayman S
Porsche,Taycan
Porsche,914
Ram,ProMaster 3500
RAM,Ram 1500
RAM,ProMaster Window Van
RAM,C1500sle
RAM,3500HD
RAM,4500
RAM,ProMaster Cargo Van EV
Ram,5500 Chassis Cab
Ram,4500hd
RAM,ProMaster City Cargo Van
Ram,2500
RAM,Ram 2500
Ram,3500 Chassis Cab
RAM,ProMaster 3500 Cutaway
Ram,ProMaster Window
RAM,2500 CARGO VAN HIGH ROOF (159 IN WB)
RAM,ProMaster Delivery Van BEV
RAM,4500 CHASIS
RAM,ProMaster 3500 EV
RAM,1500 BIGHORN/LONESTAR CREW 4X4 (144.5 IN
Ram,ProMaster 2500
RAM,5500
Ram,ProMaster Cutaway
Ram,ProMaster
RAM,ProMaster City Wagon
Ram,5500 Chassis
RAM,3500 Chassis
RAM,3500 BIG HORN CREW CAB 4X4 (149 IN WB 6
RAM,3500 Chassis Cab Dump Body
Ram,1500
RAM,Promaster Cargo Van
RAM,1500 Classic
RAM,4500 Chassis
Ram,Promaster City
Ram,3500
RAM,5500 Dump Truck
RAM,ProMaster 2500 Cutaway
RAM,Dakota
RAM,1500 TRADESMAN CREW CAB 4X4 (144.5 IN WB
RAM,1500 LARAMIE CREW CAB 4X4 (144.5 IN WB 5
RAM,ProMaster 1500
Ram,Cargo
RAM,ProMaster Delivery BEV
RAM,Ram 3500
RAM,4500 Chassis Cab
RAM,3500 LIMITED CREW CAB 4X4 (169 IN WB 8 F
RAM,5500HD
RAM,Cargo Van
Ranger,Z117
REAL-LITE,RCHS-1912
RECREATIONAL VE,35 FT
Renegade,VERONA LE
Renegade,Brn61ech98001250004
Rhm,Flbtr
Rivian,R1S
Rivian,R1T
ROADTREK,AGILE SS
Rock Solid Trailers,8.5 x 20
Rockwood,RLT2509S-W
Rockwood,RLT2520BH-W
Rockwood,RLT21095-W
Rockwood,RLTG19FBSW
Rockwood,RLT2706BH-W
Rockwood,RLT2516S-W
Rockwood,RLTG19FDS-W
Rockwood,RLT2205S-W
Rockwood,RLTG20BHS-W
Rockwood,M19
Rockwood,RLT2506FK-W
Rockwood,RLTG20FBS-W
Rockwood,RLTG19BH-W
Rockwood,RLT2513S-W
Rockwood,RLTG15FBS-W
Rockwood,RLT2509SW
Rockwood,RLT8262RBS-W
Rockwood,RLT8263MBR-W
Rockwood,RLT2511S-W
Rockwood,Geo Pro
Rockwood,RLT2908RL-W
Rolls Royce,Silver Cloud
Rolls-Royce,Spectre
Rolls-Royce,Phantom
Rolls-Royce,Phantom Coupe
Rolls-Royce,Ghost
Rolls-Royce,Phantom Drophead Coupe
Rolls-Royce,Dawn
Rolls-Royce,Wraith
Rolls-Royce,Cullinan
Rolls-Royce,Black Badge Ghost
ROYAL ENFIELD,CONTINENTAL GT650
RVM,MV
Saab,9-5
Saab,9-3
Salem,29View
Saturn,L-Series
Saturn,Sky
Saturn,VUE Green Line
Saturn,Vue
Saturn,SL
Saturn,Ion
Saturn,L300
Saturn,Astra
Saturn,Outlook
Saturn,Aura
Scag,Liberty Z 52'
Scag,Tiger Cat Ii 61
Scag,Turf Tiger Ii 61 40Hp
Scag,Turf Tiger 61
Scag,Tiger Cat 11 61
Scag,Turf Tiger Ii 61
Scag Liberty Z 61,Szl61h24fr
Scag Liberty Z 61,Szl61h27sr
Scag Patriot Z 52,Spz 52H 23Cv
Scag Patriot Z 52,Spz52h24ft
Scag Patriot Z 52,Spz 52H 24Ft
Scag Tiger Cat Ii 61,Stcb 61V 26Cv
Scag Turf Tiger II,61 Mower   Zero turn
Scag V-Ride Ii 61,Svrii 61V 40Bv
Scion,tC
Scion,xA
Scion,iQ
Scion,iM
Scion,xD
Scion,FR-S
Scion,iA
Scion,xB
Scootstar,Roguestar 150
SEADOO,BRP
SHADOW,CRUISER
SHADOW CRUISER,SHADOW CRUISER
SHAY,MODEL A
SKI-DOO,SUMMIT X
Ski-Doo,Summit
smart,fortwo electric drive
smart,EQ fortwo
smart,fortwo
SPARTAN,SPARTAN MOTORS
STAR,SIRIUS 2+2 (4P)
STAR,SIRIUS 2+2
STAR,EV
STAR,CLASSIC 4P
STAR,2PASS
STAR,SIRIUS
STARCRAFT,STARCRAFT
STARCRAFT,AUTUMN RIDGE
STARCRAFT,GSL LIGHT DUTY FW
STARCRAFT,SUPER LITE
STARCRAFT,AUTUMN RIDGE OUTFITTER
Sterling,L8500
STINGRAY,201DS
Studebaker,Gt
Studebaker,Avanti
Subaru,Outback
Subaru,Justy
Subaru,WRX STI
Subaru,Crosstrek
Subaru,Legacy
Subaru,Impreza Wagon
Subaru,Ascent
Subaru,Forester Hybrid
Subaru,B9 Tribeca
Subaru,Forester
Subaru,Solterra
Subaru,Baja
Subaru,Impreza
Subaru,WRX
Subaru,Impreza WRX
Subaru,Impreza Sedan WRX
Subaru,Impreza Outback Sport
Subaru,Crosstrek Hybrid
Subaru,Impreza Wagon WRX
Subaru,Tribeca
Subaru,BRZ
Subaru,Impreza Sedan
Subaru,Legacy Wagon
Subaru,ES
Subaru,XV Crosstrek Hybrid
Subaru,Legacy Sedan
Subaru,XV Crosstrek
Superformance,MKII
Superformance,GT40
Superformance,MKIII
Superformance,MKIIIR
Suzuki,Sidekick
SUZUKI,SV650
SUZUKI,LT-A400FCM2
Suzuki,SX4
Suzuki,Boulevard
Suzuki,Vitara V6
Suzuki,XL-7
Suzuki,SDKSP
Suzuki,GSX-R600
Suzuki,Forenza
Suzuki,Kizashi
Suzuki,Grand Vitara
SUZUKI,750 KING QUAD
SW,GOS
SWM,SUPERDUAL X
TEARDROP,CAMPER
Tesla,Model S
Tesla,Model Y
Tesla,Cybertruck
Tesla,Model X
Tesla,MODEL 3
THOR MOTOR COACH,SERRANO
Titan,Moto Gecko
Titan,Renegade
TOMBERLIN,2P REVENGE EMERGE
TORQUE,HEARTLAND
Toyota,Sienna Woodland Edition
Toyota,CAMRY
Toyota,COROLLA SE
Toyota,CorollaCross Hybrid XSE
Toyota,CamryXLE
Toyota,Crown Hybrid
Toyota,Highlander Hybrid Platinum
Toyota,PRIUS PRIME
Toyota,Camry XSE
Toyota,RAV4Limited
Toyota,RAV4 Hybrid XLE Premium
Toyota,AVALON
Toyota,Venza
Toyota,Camry XSE AWD
Toyota,Corolla Hybrid XLE
Toyota,4Runner TRD Sport Premium
Toyota,COROLLA HYBRID
Toyota,CamryLE
Toyota,RAV4 XLE Premium
Toyota,Prius c
Toyota,CAMRY LE AWD
Toyota,Land Cruiser Hybrid
Toyota,LAND CRUISER-RIGHT HAND DRIVE
Toyota,GRAND HIGHLANDER HEV XLE HYBRID AWD
Toyota,Sequoia
Toyota,TUNDRA 4X4
Toyota,RAV4 EV
Toyota,Avalon Hybrid
Toyota,Toyota Crown Signia XLE
Toyota,Tundra 4WD Truck
Toyota,COROLLA HATCHBA
Toyota,RAV4 PLUG IN
Toyota,TACOMA HV
Toyota,GR Corolla
Toyota,Yaris iA
Toyota,LAND CRSR
Toyota,Corolla Cross Hybrid SE
Toyota,RAV4 PLUG-IN HYBRID XSE
Toyota,Yaris Sedan
Toyota,FJ
Toyota,PRIUS
Toyota,SIENNA PLT AWD 7 PASSENGER
Toyota,4runner
Toyota,Corolla Cross Hybrid XSE
Toyota,Grand Highlander Limited
Toyota,CorollaCross Hybrid SE
Toyota,RAV4 Hybrid
Toyota,bZ4X
Toyota,Tacoma 4WD
Toyota,Celica
Toyota,Tacoma Hybrid
Toyota,Corolla Cross XLE
Toyota,86
Toyota,Grand Highlander Hybrid Limited
Toyota,LAND CRUISER
Toyota,COROLLA CROSS
Toyota,PRIUS PRIM
Toyota,SiennaLimited
Toyota,Rav 4
Toyota,CAMRY HYBRID
Toyota,Corolla Cross Hybrid
Toyota,Sienna Limited
Toyota,Crown Signia
Toyota,G HIGHLAND
Toyota,PRIUS PLUG-IN HYBRID
Toyota,Tundra 4WD Hybrid
Toyota,Tundra Hybrid
Toyota,CamryXSE AWD
Toyota,Sienna Platinum
Toyota,GrandHighlander Hybrid MAX Platinum
Toyota,Camry LE
Toyota,C-HR
Toyota,COROLLACRH
Toyota,Grand Highlander Hybrid
Toyota,RAV4XLE
Toyota,Camry Solara
Toyota,Yaris
Toyota,Sequoia TRD Pro
Toyota,CROWN
Toyota,GrandHighlander Hybrid LE
Toyota,Tundra 4Wd
Toyota,TUNDRA
Toyota,Corolla iM
Toyota,RAV4XLE Premium
Toyota,Highlander Platinum
Toyota,Sienna XLE
Toyota,Grand Highlander Hybrid XLE
Toyota,SIENNA XLE 7 PASSENGER
Toyota,TACOMA 4X4
Toyota,Highlander Hybrid Limited 25th Edition
Toyota,GRAN HIGHLA HYB
Toyota,Toyota Crown Signia
Toyota,Corolla Cross LE - AWD
Toyota,Highlander XSE
Toyota,HIGHLANDER HEV XLE NIGHTSHADE
Toyota,SequoiaLimited
Toyota,CorollaLE
Toyota,TUNDRA HV
Toyota,Sienna Hybrid
Toyota,SIENNA HV
Toyota,Highlander Hybrid
Toyota,RAV4 XLE PREM AWD SUV
Toyota,Highlander XLE
Toyota,TACOMA 4X4 HYBR
Toyota,Prius V
Toyota,GRAND HIGHLANDER
Toyota,HIGHLANDER HYB
Toyota,COROLLA CR
Toyota,Sienna
Toyota,Crown Signia Hybrid
Toyota,RAV4
Toyota,HIGHLANDER
Toyota,Yaris Hatchback
Toyota,Camry SE
Toyota,Supra
Toyota,PriusNightshade Edition AWD
Toyota,Tundra Truck
Toyota,RAV4 LE
Toyota,Tacoma i-FORCE MAX
Toyota,RAV4 PLUG-IN HYBRID
Toyota,4Runner Hybrid
Toyota,COROLLA
Toyota,Toyota Crown
Toyota,RAV4 HV
Toyota,TACOMA 4X2
Toyota,Sequoia Hybrid
Toyota,TUNDRA 4X2
Toyota,MR2 Spyder
Toyota,XD
Toyota,RAV4Hybrid XSE
Toyota,Prius Plug-In
Toyota,Hybrid LE
Toyota,Echo
Toyota,RAV4 Prime
Toyota,GRAND HIGHLANDER HYBRID NIGHTSHADE
Toyota,RAV4 Hybrid XLE
Toyota,4Runner SR5
Toyota,Grand Highlander XLE
Toyota,Prius Hybrid
Toyota,TACOMA
Toyota,Gr86
Toyota,RAV4 HYBRID XSE
Toyota,Tundra i-FORCE MAX
Toyota,Corolla Hatchback
Toyota,Mirai
Toyota,GR Supra
Toyota,Tundra 2WD Truck
Toyota,RAV4 Limited
Toyota,RAV4 Hybrid LE
Toyota,Fj Cruiser
Toyota,Tacoma 4WD Hybrid
Toyota,RAV4 XLE
Toyota,HIGHLANDER HYBR
Toyota,Matrix
Toyota,CamryXSE
Toyota,4Runner TRD Off-Road
Toyota,Corolla Cross LE
Toyota,Corolla LE
Toyota,Corolla Cross Hybrid Nightshade
Toyota,RAV4Hybrid Limited
Toyota,4Runner i-FORCE MAX
Toyota,Grand Highlander Platinum
Toyota,Tundra 2Wd
Toyota,Toyota Crown Signia Limited
Toyota,RAV4 XLE AWD SUV
Toyota,TUNDRA 4X4 HYB
Toyota,Tacoma 2WD
Toyota,Camry XLE
Toyota,RAV4 Hybrid Limited
Toyota,Venza
TOYOTA,SIENNA
TOYOTA,C-HR
TOYOTA,RAV4 PRIME
TOYOTA,4RUNNER
Toyota,Tundra 4Wd
Toyota,Tacoma 2Wd
Toyota,Sequoia
Toyota,Tundra 2Wd
TOYOTA,TACOMA
TOYOTA,HIGHLANDER
TOYOTA,RAV4
TOYOTA,TACOMA 4WD
TOYOTA,RAV4 HYBRID
Toyota,Tundra 2Wd Truc
TRAIL SERIES,OUTDOORS RV
TRAILS WEST,RPM 28 SNOWMOBILE TRAILER
TRAILTECH,MLC8634-75W
TRAILTECH,L370HD-16
TRAILTECH,XL235-17FT
TRAILTECH,MLC11034XL-8W
TRAILTECH,H370-20
TRAILTECH,CELR270-18FT
TRAILTECH,MLC9034XL-8W
TRAILTECH,H370-40DGN
TRAILTECH,TD215-26
TRAILTECH,L370-24
TRAILTECH,MLC8634-8W
Triton,Fit 1281
Triton,Fit0864
Triton,Fit 1072
TRIUMPH,BONNEVILLE
Triumph,Tr6
Triumph,Tiger
Triumph,Thruxton R
Truimph,TR6
TSR,"B TRAILER, HULL, MOTOR"
USED,USED
Valor,Alliance
VANDERHALL,CARMEL
Vanderhall,Carmell
Vanguard,Brg6140evg03250008
Vanguard,Brg6140evg03250004
Vanguard,Brg6140evg03250007
Vanguard,Brg6140evg03250006
Vanguard,Brg6140evg03250002
Vanguard,Rogue 61 Vanguard 40Hp
VANLEIGH,VILANO
VENTURE RV,SPORTREK
VENTURE RV,SPORTSMAN 190
Vespa,Gtv 300 I.e. Abs
Vespa,Lx 50 4v
Vespa,Vespa Elettrica 45 Mph
Vespa,Primavera
Vespa,Primavera 150 Red
Vespa,Gts 300 Super
Viking,Express 90
VinFast,VF 8
VinFast,VF 9
VINFAST,DRAGONFLY
VIVID,V4L
VIVID,PG6L
VLK,ATLAS CROSS SPORT 2.0T SE
Volkswagen,Passat
Volkswagen,Atlas Cros alls Sport
Volkswagen,Golf SportWagen
Volkswagen,GLI
Volkswagen,GTI
Volkswagen,New Passat
VOLKSWAGEN,ID.4
Volkswagen,Cabrio
Volkswagen,Eos
Volkswagen,R32
Volkswagen,Arteon
Volkswagen,New Beetle Convertible
Volkswagen,Beetle Coupe
Volkswagen,Golf
Volkswagen,Jetta GLI
Volkswagen,Jetta SportWagen
Volkswagen,Golf Sportwagon
Volkswagen,EuroVan
VOLKSWAGEN,TYP 3
Volkswagen,e-Golf
Volkswagen,Thing
Volkswagen,Touareg
Volkswagen,Meyers Manx
Volkswagen,Routan
Volkswagen,New Beetle Coupe
Volkswagen,Atlas Cross Spo
Volkswagen,TIGUAN LIMITED
Volkswagen,Tiguan
Volkswagen,Bus
VOLKSWAGEN,VANAGON
Volkswagen,Beetle
Volkswagen,Beetle Convertible
Volkswagen,Taos
Volkswagen,Travelhaul
VOLKSWAGEN,ATLAS
Volkswagen,Rabbit
Volkswagen,Cc
Volkswagen,New Beetle
Volkswagen,Golf R
Volkswagen,Jetta Sedan
Volkswagen,ID. Buzz
Volkswagen,Golf Alltrack
Volkswagen,Jetta
Volkswagen,Golf GTI
Volkswagen,Atlas Cross Sport
Volkswagen,Phaeton
Volkswagen,Passat Sedan
Volkswagen,Passat Wagon
Volkwagen,Beetle
VOLVO,S60
Volvo,V60 Recharge Plug-In Hybrid
Volvo,V90
Volvo,EX90
Volvo,S40
Volvo,XC40
Volvo,S60 Inscription
Volvo,XC40 Recharge Twin Pure Electric
Volvo,XC70
Volvo,XC60
Volvo,XC90 Recharge
Volvo,S60 Plug-In Hybrid
VOLVO,EX40 AWD
Volvo,V60
Volvo,C30
Volvo,S90
Volvo,S60 Cross Country
Volvo,S60 Recharge Plug-In Hybrid
Volvo,S60 Recharge
Volvo,V50
Volvo,XC60 Recharge
Volvo,S90 Recharge Plug-In Hybrid
Volvo,EX30
Volvo,C40 Recharge Pure Electric
Volvo,XC90 plug-in hybrid
Volvo,S90 Plug-In Hybrid
Volvo,XC90 Recharge Plug-In Hybrid
Volvo,S80
Volvo,Xc90
Volvo,V90 Cross Country
Volvo,XC90 Hybrid
VOLVO,XC60 RECHARGE PLUG-IN HYB
Volvo,C70
Volvo,EX40
Volvo,XC40 Recharge Pure Electric
Volvo,V60 Cross Country
Volvo,V60 Plug-In Hybrid
Volvo,V70
Volvo,XC60 Recharge Plug-In Hybrid
Volvo,XC60 Plug-In Hybrid
VW,BEETLE
Wagoneer,Grand Wagoneer
WELLS,UTILITY
WINNEBAGO,MINNIE
WW,15FT BUMPER PULLRED TRLR
XLR TOYHAU,XLT2815
XRT,800
Yama,Yzfr7n
Yamah,DRIVE2 QUI
YAMAHA,DRIVE 2
YAMAHA,V STAR
YAMAHA,ROYAL STAR
YAMAHA,XVS13CT
Yamaha,R1
YAMAHA,V-STAR 650
YAMAHA,XVS95C
YAMAHA,XVZ13CTV
YAMAHA,XVS650
YAMAHA,G29 DRIVE
YAMAHA,DRIVE
YAMAHA,YDRE3
Yamaha,XVS950 Bolt
YAMAHA,DRIVE-THE SAINTS
YAMAHA,YDREX
YAMAHA,VX SPORT
Yamaha,Grizzly
Yamaha,R7
Zero Motorcycles,DSR
